시도명,시군구명,도로명(가로)명,설치위치,설치지점,쓰레기통 종류,관리기관명,관리기관전화번호,데이터기준일자
서울특별시,강남구,압구정로,청담톡스앤필의원,도로변(횡단보도 포함),일반쓰레기,서울특별시 강남구청,02-3423-5973,2020-06-30
서울특별시,강남구,압구정로,청담톡스앤필의원,도로변(횡단보도 포함),재활용쓰레기,서울특별시 강남구청,02-3423-5973,2020-06-30
서울특별시,강남구,압구정로,갤러리아(EAST점),도로변(횡단보도 포함),일반쓰레기,서울특별시 강남구청,02-3423-5973,2020-06-30
서울특별시,강남구,압구정로,갤러리아(EAST점),도로변(횡단보도 포함),재활용쓰레기,서울특별시 강남구청,02-3423-5973,2020-06-30
서울특별시,강남구,압구정로,갤러리아(WEST점),도로변(횡단보도 포함),일반쓰레기,서울특별시 강남구청,02-3423-5973,2020-06-30
서울특별시,강남구,압구정로,갤러리아(WEST점),도로변(횡단보도 포함),재활용쓰레기,서울특별시 강남구청,02-3423-5973,2020-06-30
서울특별시,강남구,압구정로,갤러리아(생활관),"정류소(버스, 택시 등)",일반쓰레기,서울특별시 강남구청,02-3423-5973,2020-06-30
서울특별시,강남구,압구정로,갤러리아(생활관),"정류소(버스, 택시 등)",재활용쓰레기,서울특별시 강남구청,02-3423-5973,2020-06-30
서울특별시,강남구,압구정로,한양아파트 35동,도로변(횡단보도 포함),일반쓰레기,서울특별시 강남구청,02-3423-5973,2020-06-30
서울특별시,강남구,압구정로,한양아파트 35동,도로변(횡단보도 포함),재활용쓰레기,서울특별시 강남구청,02-3423-5973,2020-06-30
서울특별시,강남구,압구정로,한양아파트 61동,"정류소(버스, 택시 등)",일반쓰레기,서울특별시 강남구청,02-3423-5973,2020-06-30
서울특별시,강남구,압구정로,한양아파트 61동,"정류소(버스, 택시 등)",재활용쓰레기,서울특별시 강남구청,02-3423-5973,2020-06-30
서울특별시,강남구,압구정로,현대아파트 91동,도로변(횡단보도 포함),일반쓰레기,서울특별시 강남구청,02-3423-5973,2020-06-30
서울특별시,강남구,압구정로,현대아파트 91동,도로변(횡단보도 포함),재활용쓰레기,서울특별시 강남구청,02-3423-5973,2020-06-30
서울특별시,강남구,압구정로,현대아파트 84동,"정류소(버스, 택시 등)",일반쓰레기,서울특별시 강남구청,02-3423-5973,2020-06-30
서울특별시,강남구,압구정로,현대아파트 84동,"정류소(버스, 택시 등)",재활용쓰레기,서울특별시 강남구청,02-3423-5973,2020-06-30
서울특별시,강남구,압구정로,압구정역 1번출구,지하철역 입구,일반쓰레기,서울특별시 강남구청,02-3423-5973,2020-06-30
서울특별시,강남구,압구정로,압구정역 1번출구,지하철역 입구,재활용쓰레기,서울특별시 강남구청,02-3423-5973,2020-06-30
서울특별시,강남구,압구정로,신현대아파트 103동,도로변(횡단보도 포함),일반쓰레기,서울특별시 강남구청,02-3423-5973,2020-06-30
서울특별시,강남구,압구정로,신현대아파트 103동,도로변(횡단보도 포함),재활용쓰레기,서울특별시 강남구청,02-3423-5973,2020-06-30
서울특별시,강남구,압구정로,국민은행ATM 현대365자동화점,"정류소(버스, 택시 등)",일반쓰레기,서울특별시 강남구청,02-3423-5973,2020-06-30
서울특별시,강남구,압구정로,국민은행ATM 현대365자동화점,"정류소(버스, 택시 등)",재활용쓰레기,서울특별시 강남구청,02-3423-5973,2020-06-30
서울특별시,강남구,압구정로,현대아파트 101동,도로변(횡단보도 포함),일반쓰레기,서울특별시 강남구청,02-3423-5973,2020-06-30
서울특별시,강남구,압구정로,현대아파트 101동,도로변(횡단보도 포함),재활용쓰레기,서울특별시 강남구청,02-3423-5973,2020-06-30
서울특별시,강남구,압구정로,신사중학교,도로변(횡단보도 포함),일반쓰레기,서울특별시 강남구청,02-3423-5973,2020-06-30
서울특별시,강남구,압구정로,신사중학교,도로변(횡단보도 포함),재활용쓰레기,서울특별시 강남구청,02-3423-5973,2020-06-30
서울특별시,강남구,압구정로,신사중학교,"정류소(버스, 택시 등)",일반쓰레기,서울특별시 강남구청,02-3423-5973,2020-06-30
서울특별시,강남구,압구정로,신사중학교,"정류소(버스, 택시 등)",재활용쓰레기,서울특별시 강남구청,02-3423-5973,2020-06-30
서울특별시,강남구,압구정로,미성2차 23동앞,도로변(횡단보도 포함),일반쓰레기,서울특별시 강남구청,02-3423-5973,2020-06-30
서울특별시,강남구,압구정로,미성2차 23동앞,도로변(횡단보도 포함),재활용쓰레기,서울특별시 강남구청,02-3423-5973,2020-06-30
서울특별시,강남구,압구정로,덕산빌딩,"정류소(버스, 택시 등)",일반쓰레기,서울특별시 강남구청,02-3423-5973,2020-06-30
서울특별시,강남구,압구정로,덕산빌딩,"정류소(버스, 택시 등)",재활용쓰레기,서울특별시 강남구청,02-3423-5973,2020-06-30
서울특별시,강남구,압구정로,신사동사무소,도로변(횡단보도 포함),일반쓰레기,서울특별시 강남구청,02-3423-5973,2020-06-30
서울특별시,강남구,압구정로,신사동사무소,도로변(횡단보도 포함),재활용쓰레기,서울특별시 강남구청,02-3423-5973,2020-06-30
서울특별시,강남구,압구정로,대일부동산,"정류소(버스, 택시 등)",일반쓰레기,서울특별시 강남구청,02-3423-5973,2020-06-30
서울특별시,강남구,압구정로,대일부동산,"정류소(버스, 택시 등)",재활용쓰레기,서울특별시 강남구청,02-3423-5973,2020-06-30
서울특별시,강남구,압구정로,압구정역 5번출구,지하철역 입구,일반쓰레기,서울특별시 강남구청,02-3423-5973,2020-06-30
서울특별시,강남구,압구정로,압구정역 5번출구,지하철역 입구,재활용쓰레기,서울특별시 강남구청,02-3423-5973,2020-06-30
서울특별시,강남구,압구정로,소망부동산,"정류소(버스, 택시 등)",일반쓰레기,서울특별시 강남구청,02-3423-5973,2020-06-30
서울특별시,강남구,압구정로,소망부동산,"정류소(버스, 택시 등)",재활용쓰레기,서울특별시 강남구청,02-3423-5973,2020-06-30
서울특별시,강남구,압구정로,라움,도로변(횡단보도 포함),일반쓰레기,서울특별시 강남구청,02-3423-5973,2020-06-30
서울특별시,강남구,압구정로,라움,도로변(횡단보도 포함),재활용쓰레기,서울특별시 강남구청,02-3423-5973,2020-06-30
서울특별시,강남구,압구정로,대영부동산,도로변(횡단보도 포함),일반쓰레기,서울특별시 강남구청,02-3423-5973,2020-06-30
서울특별시,강남구,압구정로,대영부동산,도로변(횡단보도 포함),재활용쓰레기,서울특별시 강남구청,02-3423-5973,2020-06-30
서울특별시,강남구,압구정로,더블유 수약국,"정류소(버스, 택시 등)",일반쓰레기,서울특별시 강남구청,02-3423-5973,2020-06-30
서울특별시,강남구,압구정로,더블유 수약국,"정류소(버스, 택시 등)",재활용쓰레기,서울특별시 강남구청,02-3423-5973,2020-06-30
서울특별시,강남구,압구정로,우리은행 압구정로데오지점,도로변(횡단보도 포함),일반쓰레기,서울특별시 강남구청,02-3423-5973,2020-06-30
서울특별시,강남구,압구정로,우리은행 압구정로데오지점,도로변(횡단보도 포함),재활용쓰레기,서울특별시 강남구청,02-3423-5973,2020-06-30
서울특별시,강남구,압구정로,동서상가,"정류소(버스, 택시 등)",일반쓰레기,서울특별시 강남구청,02-3423-5973,2020-06-30
서울특별시,강남구,압구정로,동서상가,"정류소(버스, 택시 등)",재활용쓰레기,서울특별시 강남구청,02-3423-5973,2020-06-30
서울특별시,강남구,압구정로,로데오역 6번출구,지하철역 입구,일반쓰레기,서울특별시 강남구청,02-3423-5973,2020-06-30
서울특별시,강남구,압구정로,로데오역 6번출구,지하철역 입구,재활용쓰레기,서울특별시 강남구청,02-3423-5973,2020-06-30
서울특별시,강남구,압구정로,CJ성형외과,도로변(횡단보도 포함),일반쓰레기,서울특별시 강남구청,02-3423-5973,2020-06-30
서울특별시,강남구,압구정로,CJ성형외과,도로변(횡단보도 포함),재활용쓰레기,서울특별시 강남구청,02-3423-5973,2020-06-30
서울특별시,강남구,압구정로,삼아약품,"정류소(버스, 택시 등)",일반쓰레기,서울특별시 강남구청,02-3423-5973,2020-06-30
서울특별시,강남구,압구정로,삼아약품,"정류소(버스, 택시 등)",재활용쓰레기,서울특별시 강남구청,02-3423-5973,2020-06-30
서울특별시,강남구,압구정로,버버리 코리아,도로변(횡단보도 포함),일반쓰레기,서울특별시 강남구청,02-3423-5973,2020-06-30
서울특별시,강남구,압구정로,버버리 코리아,도로변(횡단보도 포함),재활용쓰레기,서울특별시 강남구청,02-3423-5973,2020-06-30
서울특별시,강남구,도산대로,베스킨라빈스 청담사거리점,도로변(횡단보도 포함),일반쓰레기,서울특별시 강남구청,02-3423-5973,2020-06-30
서울특별시,강남구,도산대로,베스킨라빈스 청담사거리점,도로변(횡단보도 포함),재활용쓰레기,서울특별시 강남구청,02-3423-5973,2020-06-30
서울특별시,강남구,도산대로,미니스톱(청수빌딩),"정류소(버스, 택시 등)",일반쓰레기,서울특별시 강남구청,02-3423-5973,2020-06-30
서울특별시,강남구,도산대로,미니스톱(청수빌딩),"정류소(버스, 택시 등)",재활용쓰레기,서울특별시 강남구청,02-3423-5973,2020-06-30
서울특별시,강남구,도산대로,탐앤탐스 청담점,도로변(횡단보도 포함),일반쓰레기,서울특별시 강남구청,02-3423-5973,2020-06-30
서울특별시,강남구,도산대로,탐앤탐스 청담점,도로변(횡단보도 포함),재활용쓰레기,서울특별시 강남구청,02-3423-5973,2020-06-30
서울특별시,강남구,도산대로,밀레,도로변(횡단보도 포함),일반쓰레기,서울특별시 강남구청,02-3423-5973,2020-06-30
서울특별시,강남구,도산대로,밀레,도로변(횡단보도 포함),재활용쓰레기,서울특별시 강남구청,02-3423-5973,2020-06-30
서울특별시,강남구,도산대로,국민은행 학동사거리점,도로변(횡단보도 포함),일반쓰레기,서울특별시 강남구청,02-3423-5973,2020-06-30
서울특별시,강남구,도산대로,국민은행 학동사거리점,도로변(횡단보도 포함),재활용쓰레기,서울특별시 강남구청,02-3423-5973,2020-06-30
서울특별시,강남구,도산대로,쉐이크쉑 청담점,"정류소(버스, 택시 등)",일반쓰레기,서울특별시 강남구청,02-3423-5973,2020-06-30
서울특별시,강남구,도산대로,쉐이크쉑 청담점,"정류소(버스, 택시 등)",재활용쓰레기,서울특별시 강남구청,02-3423-5973,2020-06-30
서울특별시,강남구,도산대로,바카라(313빌딩),도로변(횡단보도 포함),일반쓰레기,서울특별시 강남구청,02-3423-5973,2020-06-30
서울특별시,강남구,도산대로,바카라(313빌딩),도로변(횡단보도 포함),재활용쓰레기,서울특별시 강남구청,02-3423-5973,2020-06-30
서울특별시,강남구,도산대로,한성모터스(학빌딩),도로변(횡단보도 포함),일반쓰레기,서울특별시 강남구청,02-3423-5973,2020-06-30
서울특별시,강남구,도산대로,한성모터스(학빌딩),도로변(횡단보도 포함),재활용쓰레기,서울특별시 강남구청,02-3423-5973,2020-06-30
서울특별시,강남구,도산대로,마세라티 강남전시장,"정류소(버스, 택시 등)",일반쓰레기,서울특별시 강남구청,02-3423-5973,2020-06-30
서울특별시,강남구,도산대로,마세라티 강남전시장,"정류소(버스, 택시 등)",재활용쓰레기,서울특별시 강남구청,02-3423-5973,2020-06-30
서울특별시,강남구,도산대로,바른약국,도로변(횡단보도 포함),일반쓰레기,서울특별시 강남구청,02-3423-5973,2020-06-30
서울특별시,강남구,도산대로,바른약국,도로변(횡단보도 포함),재활용쓰레기,서울특별시 강남구청,02-3423-5973,2020-06-30
서울특별시,강남구,도산대로,KT 신사점,"정류소(버스, 택시 등)",일반쓰레기,서울특별시 강남구청,02-3423-5973,2020-06-30
서울특별시,강남구,도산대로,KT 신사점,"정류소(버스, 택시 등)",재활용쓰레기,서울특별시 강남구청,02-3423-5973,2020-06-30
서울특별시,강남구,도산대로,신사역 8번출구,지하철역 입구,일반쓰레기,서울특별시 강남구청,02-3423-5973,2020-06-30
서울특별시,강남구,도산대로,신사역 8번출구,지하철역 입구,재활용쓰레기,서울특별시 강남구청,02-3423-5973,2020-06-30
서울특별시,강남구,도산대로,신사역 7번출구,지하철역 입구,일반쓰레기,서울특별시 강남구청,02-3423-5973,2020-06-30
서울특별시,강남구,도산대로,신사역 7번출구,지하철역 입구,재활용쓰레기,서울특별시 강남구청,02-3423-5973,2020-06-30
서울특별시,강남구,도산대로,신사역 2번출구,지하철역 입구,일반쓰레기,서울특별시 강남구청,02-3423-5973,2020-06-30
서울특별시,강남구,도산대로,신사역 2번출구,지하철역 입구,재활용쓰레기,서울특별시 강남구청,02-3423-5973,2020-06-30
서울특별시,강남구,도산대로,신사역 1번출구,지하철역 입구,일반쓰레기,서울특별시 강남구청,02-3423-5973,2020-06-30
서울특별시,강남구,도산대로,신사역 1번출구,지하철역 입구,재활용쓰레기,서울특별시 강남구청,02-3423-5973,2020-06-30
서울특별시,강남구,도산대로,청호빌딩,"정류소(버스, 택시 등)",일반쓰레기,서울특별시 강남구청,02-3423-5973,2020-06-30
서울특별시,강남구,도산대로,청호빌딩,"정류소(버스, 택시 등)",재활용쓰레기,서울특별시 강남구청,02-3423-5973,2020-06-30
서울특별시,강남구,도산대로,애플(페이토빌딩),도로변(횡단보도 포함),일반쓰레기,서울특별시 강남구청,02-3423-5973,2020-06-30
서울특별시,강남구,도산대로,애플(페이토빌딩),도로변(횡단보도 포함),재활용쓰레기,서울특별시 강남구청,02-3423-5973,2020-06-30
서울특별시,강남구,도산대로,을지병원,도로변(횡단보도 포함),일반쓰레기,서울특별시 강남구청,02-3423-5973,2020-06-30
서울특별시,강남구,도산대로,을지병원,도로변(횡단보도 포함),재활용쓰레기,서울특별시 강남구청,02-3423-5973,2020-06-30
서울특별시,강남구,도산대로,에이스침대,도로변(횡단보도 포함),일반쓰레기,서울특별시 강남구청,02-3423-5973,2020-06-30
서울특별시,강남구,도산대로,에이스침대,도로변(횡단보도 포함),재활용쓰레기,서울특별시 강남구청,02-3423-5973,2020-06-30
서울특별시,강남구,도산대로,아우디 도산대로전시장,도로변(횡단보도 포함),일반쓰레기,서울특별시 강남구청,02-3423-5973,2020-06-30
서울특별시,강남구,도산대로,아우디 도산대로전시장,도로변(횡단보도 포함),재활용쓰레기,서울특별시 강남구청,02-3423-5973,2020-06-30
서울특별시,강남구,도산대로,신한은행 도산대로지점,"정류소(버스, 택시 등)",일반쓰레기,서울특별시 강남구청,02-3423-5973,2020-06-30
서울특별시,강남구,도산대로,신한은행 도산대로지점,"정류소(버스, 택시 등)",재활용쓰레기,서울특별시 강남구청,02-3423-5973,2020-06-30
서울특별시,강남구,도산대로,삼성,도로변(횡단보도 포함),일반쓰레기,서울특별시 강남구청,02-3423-5973,2020-06-30
서울특별시,강남구,도산대로,삼성,도로변(횡단보도 포함),재활용쓰레기,서울특별시 강남구청,02-3423-5973,2020-06-30
서울특별시,강남구,도산대로,하나금융프라자 학동지점,도로변(횡단보도 포함),일반쓰레기,서울특별시 강남구청,02-3423-5973,2020-06-30
서울특별시,강남구,도산대로,하나금융프라자 학동지점,도로변(횡단보도 포함),재활용쓰레기,서울특별시 강남구청,02-3423-5973,2020-06-30
서울특별시,강남구,도산대로,포르쉐스튜디오,도로변(횡단보도 포함),일반쓰레기,서울특별시 강남구청,02-3423-5973,2020-06-30
서울특별시,강남구,도산대로,포르쉐스튜디오,도로변(횡단보도 포함),재활용쓰레기,서울특별시 강남구청,02-3423-5973,2020-06-30
서울특별시,강남구,도산대로,SSG푸드마켓 청담점,"정류소(버스, 택시 등)",일반쓰레기,서울특별시 강남구청,02-3423-5973,2020-06-30
서울특별시,강남구,도산대로,SSG푸드마켓 청담점,"정류소(버스, 택시 등)",재활용쓰레기,서울특별시 강남구청,02-3423-5973,2020-06-30
서울특별시,강남구,도산대로,보테가라운지,도로변(횡단보도 포함),일반쓰레기,서울특별시 강남구청,02-3423-5973,2020-06-30
서울특별시,강남구,도산대로,보테가라운지,도로변(횡단보도 포함),재활용쓰레기,서울특별시 강남구청,02-3423-5973,2020-06-30
서울특별시,강남구,도산대로,청담빌딩,도로변(횡단보도 포함),일반쓰레기,서울특별시 강남구청,02-3423-5973,2020-06-30
서울특별시,강남구,도산대로,청담빌딩,도로변(횡단보도 포함),재활용쓰레기,서울특별시 강남구청,02-3423-5973,2020-06-30
서울특별시,강남구,도산대로,스타벅스 청담점,"정류소(버스, 택시 등)",일반쓰레기,서울특별시 강남구청,02-3423-5973,2020-06-30
서울특별시,강남구,도산대로,스타벅스 청담점,"정류소(버스, 택시 등)",재활용쓰레기,서울특별시 강남구청,02-3423-5973,2020-06-30
서울특별시,강남구,도산대로,프리마호텔,도로변(횡단보도 포함),일반쓰레기,서울특별시 강남구청,02-3423-5973,2020-06-30
서울특별시,강남구,도산대로,프리마호텔,도로변(횡단보도 포함),재활용쓰레기,서울특별시 강남구청,02-3423-5973,2020-06-30
서울특별시,강남구,학동로,세븐일레븐 청담루나점,"정류소(버스, 택시 등)",일반쓰레기,서울특별시 강남구청,02-3423-5973,2020-06-30
서울특별시,강남구,학동로,세븐일레븐 청담루나점,"정류소(버스, 택시 등)",재활용쓰레기,서울특별시 강남구청,02-3423-5973,2020-06-30
서울특별시,강남구,학동로,진흥아파트 5동 앞,지하철역 입구,일반쓰레기,서울특별시 강남구청,02-3423-5973,2020-06-30
서울특별시,강남구,학동로,진흥아파트 5동 앞,지하철역 입구,재활용쓰레기,서울특별시 강남구청,02-3423-5973,2020-06-30
서울특별시,강남구,학동로,청담역 11번출구,지하철역 입구,일반쓰레기,서울특별시 강남구청,02-3423-5973,2020-06-30
서울특별시,강남구,학동로,청담역 11번출구,지하철역 입구,재활용쓰레기,서울특별시 강남구청,02-3423-5973,2020-06-30
서울특별시,강남구,학동로,청담역 10번출구,지하철역 입구,일반쓰레기,서울특별시 강남구청,02-3423-5973,2020-06-30
서울특별시,강남구,학동로,청담역 10번출구,지하철역 입구,재활용쓰레기,서울특별시 강남구청,02-3423-5973,2020-06-30
서울특별시,강남구,학동로,강남세무서,"정류소(버스, 택시 등)",일반쓰레기,서울특별시 강남구청,02-3423-5973,2020-06-30
서울특별시,강남구,학동로,강남세무서,"정류소(버스, 택시 등)",재활용쓰레기,서울특별시 강남구청,02-3423-5973,2020-06-30
서울특별시,강남구,학동로,삼성아파트 101동 앞,"정류소(버스, 택시 등)",일반쓰레기,서울특별시 강남구청,02-3423-5973,2020-06-30
서울특별시,강남구,학동로,삼성아파트 101동 앞,"정류소(버스, 택시 등)",재활용쓰레기,서울특별시 강남구청,02-3423-5973,2020-06-30
서울특별시,강남구,학동로,강남구청역 4번출구,지하철역 입구,일반쓰레기,서울특별시 강남구청,02-3423-5973,2020-06-30
서울특별시,강남구,학동로,강남구청역 4번출구,지하철역 입구,재활용쓰레기,서울특별시 강남구청,02-3423-5973,2020-06-30
서울특별시,강남구,학동로,강남구청역 3번출구,지하철역 입구,일반쓰레기,서울특별시 강남구청,02-3423-5973,2020-06-30
서울특별시,강남구,학동로,강남구청역 3번출구,지하철역 입구,재활용쓰레기,서울특별시 강남구청,02-3423-5973,2020-06-30
서울특별시,강남구,학동로,T-WORLD(HOSIG 타워),"정류소(버스, 택시 등)",일반쓰레기,서울특별시 강남구청,02-3423-5973,2020-06-30
서울특별시,강남구,학동로,T-WORLD(HOSIG 타워),"정류소(버스, 택시 등)",재활용쓰레기,서울특별시 강남구청,02-3423-5973,2020-06-30
서울특별시,강남구,학동로,바나프레소 세관사거리점,도로변(횡단보도 포함),일반쓰레기,서울특별시 강남구청,02-3423-5973,2020-06-30
서울특별시,강남구,학동로,바나프레소 세관사거리점,도로변(횡단보도 포함),재활용쓰레기,서울특별시 강남구청,02-3423-5973,2020-06-30
서울특별시,강남구,학동로,서울제이에스병원,"정류소(버스, 택시 등)",일반쓰레기,서울특별시 강남구청,02-3423-5973,2020-06-30
서울특별시,강남구,학동로,서울제이에스병원,"정류소(버스, 택시 등)",재활용쓰레기,서울특별시 강남구청,02-3423-5973,2020-06-30
서울특별시,강남구,학동로,논현2동 파출소,도로변(횡단보도 포함),일반쓰레기,서울특별시 강남구청,02-3423-5973,2020-06-30
서울특별시,강남구,학동로,논현2동 파출소,도로변(횡단보도 포함),재활용쓰레기,서울특별시 강남구청,02-3423-5973,2020-06-30
서울특별시,강남구,학동로,학동역9번 출구,지하철역 입구,일반쓰레기,서울특별시 강남구청,02-3423-5973,2020-06-30
서울특별시,강남구,학동로,학동역9번 출구,지하철역 입구,재활용쓰레기,서울특별시 강남구청,02-3423-5973,2020-06-30
서울특별시,강남구,학동로,학동역6번 출구,지하철역 입구,일반쓰레기,서울특별시 강남구청,02-3423-5973,2020-06-30
서울특별시,강남구,학동로,학동역6번 출구,지하철역 입구,재활용쓰레기,서울특별시 강남구청,02-3423-5973,2020-06-30
서울특별시,강남구,학동로,삼익뮤직프라자,"정류소(버스, 택시 등)",일반쓰레기,서울특별시 강남구청,02-3423-5973,2020-06-30
서울특별시,강남구,학동로,삼익뮤직프라자,"정류소(버스, 택시 등)",재활용쓰레기,서울특별시 강남구청,02-3423-5973,2020-06-30
서울특별시,강남구,학동로,나뚜찌,도로변(횡단보도 포함),일반쓰레기,서울특별시 강남구청,02-3423-5973,2020-06-30
서울특별시,강남구,학동로,나뚜찌,도로변(횡단보도 포함),재활용쓰레기,서울특별시 강남구청,02-3423-5973,2020-06-30
서울특별시,강남구,학동로,포레힐호텔,"정류소(버스, 택시 등)",일반쓰레기,서울특별시 강남구청,02-3423-5973,2020-06-30
서울특별시,강남구,학동로,포레힐호텔,"정류소(버스, 택시 등)",재활용쓰레기,서울특별시 강남구청,02-3423-5973,2020-06-30
서울특별시,강남구,학동로,논현역8번 출구,지하철역 입구,일반쓰레기,서울특별시 강남구청,02-3423-5973,2020-06-30
서울특별시,강남구,학동로,논현역8번 출구,지하철역 입구,재활용쓰레기,서울특별시 강남구청,02-3423-5973,2020-06-30
서울특별시,강남구,학동로,영동가구(학동로106),"정류소(버스, 택시 등)",일반쓰레기,서울특별시 강남구청,02-3423-5973,2020-06-30
서울특별시,강남구,학동로,영동가구(학동로106),"정류소(버스, 택시 등)",재활용쓰레기,서울특별시 강남구청,02-3423-5973,2020-06-30
서울특별시,강남구,학동로,학동역5번 출구,지하철역 입구,일반쓰레기,서울특별시 강남구청,02-3423-5973,2020-06-30
서울특별시,강남구,학동로,학동역5번 출구,지하철역 입구,재활용쓰레기,서울특별시 강남구청,02-3423-5973,2020-06-30
서울특별시,강남구,학동로,학동역2번 출구,지하철역 입구,일반쓰레기,서울특별시 강남구청,02-3423-5973,2020-06-30
서울특별시,강남구,학동로,학동역2번 출구,지하철역 입구,재활용쓰레기,서울특별시 강남구청,02-3423-5973,2020-06-30
서울특별시,강남구,학동로,학동역1번 출구,지하철역 입구,일반쓰레기,서울특별시 강남구청,02-3423-5973,2020-06-30
서울특별시,강남구,학동로,학동역1번 출구,지하철역 입구,재활용쓰레기,서울특별시 강남구청,02-3423-5973,2020-06-30
서울특별시,강남구,학동로,쌍용자동차 강남논현전시장,도로변(횡단보도 포함),일반쓰레기,서울특별시 강남구청,02-3423-5973,2020-06-30
서울특별시,강남구,학동로,쌍용자동차 강남논현전시장,도로변(횡단보도 포함),재활용쓰레기,서울특별시 강남구청,02-3423-5973,2020-06-30
서울특별시,강남구,학동로,카페마스터,"정류소(버스, 택시 등)",일반쓰레기,서울특별시 강남구청,02-3423-5973,2020-06-30
서울특별시,강남구,학동로,카페마스터,"정류소(버스, 택시 등)",재활용쓰레기,서울특별시 강남구청,02-3423-5973,2020-06-30
서울특별시,강남구,학동로,정관장 강남구청역점,"정류소(버스, 택시 등)",일반쓰레기,서울특별시 강남구청,02-3423-5973,2020-06-30
서울특별시,강남구,학동로,정관장 강남구청역점,"정류소(버스, 택시 등)",재활용쓰레기,서울특별시 강남구청,02-3423-5973,2020-06-30
서울특별시,강남구,학동로,허브프라자,도로변(횡단보도 포함),일반쓰레기,서울특별시 강남구청,02-3423-5973,2020-06-30
서울특별시,강남구,학동로,허브프라자,도로변(횡단보도 포함),재활용쓰레기,서울특별시 강남구청,02-3423-5973,2020-06-30
서울특별시,강남구,학동로,서광아파트 101동앞,"정류소(버스, 택시 등)",일반쓰레기,서울특별시 강남구청,02-3423-5973,2020-06-30
서울특별시,강남구,학동로,서광아파트 101동앞,"정류소(버스, 택시 등)",재활용쓰레기,서울특별시 강남구청,02-3423-5973,2020-06-30
서울특별시,강남구,학동로,삼성월드 아파트 앞,도로변(횡단보도 포함),일반쓰레기,서울특별시 강남구청,02-3423-5973,2020-06-30
서울특별시,강남구,학동로,삼성월드 아파트 앞,도로변(횡단보도 포함),재활용쓰레기,서울특별시 강남구청,02-3423-5973,2020-06-30
서울특별시,강남구,학동로,한솔아파트 101동 앞,도로변(횡단보도 포함),일반쓰레기,서울특별시 강남구청,02-3423-5973,2020-06-30
서울특별시,강남구,학동로,한솔아파트 101동 앞,도로변(횡단보도 포함),재활용쓰레기,서울특별시 강남구청,02-3423-5973,2020-06-30
서울특별시,강남구,학동로,강남구청,도로변(횡단보도 포함),일반쓰레기,서울특별시 강남구청,02-3423-5973,2020-06-30
서울특별시,강남구,학동로,강남구청,도로변(횡단보도 포함),재활용쓰레기,서울특별시 강남구청,02-3423-5973,2020-06-30
서울특별시,강남구,학동로,강남구청,"정류소(버스, 택시 등)",일반쓰레기,서울특별시 강남구청,02-3423-5973,2020-06-30
서울특별시,강남구,학동로,강남구청,"정류소(버스, 택시 등)",재활용쓰레기,서울특별시 강남구청,02-3423-5973,2020-06-30
서울특별시,강남구,학동로,상아아파트1동(학동로446),도로변(횡단보도 포함),일반쓰레기,서울특별시 강남구청,02-3423-5973,2020-06-30
서울특별시,강남구,학동로,상아아파트1동(학동로446),도로변(횡단보도 포함),재활용쓰레기,서울특별시 강남구청,02-3423-5973,2020-06-30
서울특별시,강남구,학동로,청담역4번 출구,지하철역 입구,일반쓰레기,서울특별시 강남구청,02-3423-5973,2020-06-30
서울특별시,강남구,학동로,청담역4번 출구,지하철역 입구,재활용쓰레기,서울특별시 강남구청,02-3423-5973,2020-06-30
서울특별시,강남구,학동로,청담불한증막,"정류소(버스, 택시 등)",일반쓰레기,서울특별시 강남구청,02-3423-5973,2020-06-30
서울특별시,강남구,학동로,청담불한증막,"정류소(버스, 택시 등)",재활용쓰레기,서울특별시 강남구청,02-3423-5973,2020-06-30
서울특별시,강남구,봉은사로,삼성라테라스아파트,도로변(횡단보도 포함),일반쓰레기,서울특별시 강남구청,02-3423-5973,2020-06-30
서울특별시,강남구,봉은사로,삼성라테라스아파트,도로변(횡단보도 포함),재활용쓰레기,서울특별시 강남구청,02-3423-5973,2020-06-30
서울특별시,강남구,봉은사로,달콤커피 삼성점,"정류소(버스, 택시 등)",일반쓰레기,서울특별시 강남구청,02-3423-5973,2020-06-30
서울특별시,강남구,봉은사로,달콤커피 삼성점,"정류소(버스, 택시 등)",재활용쓰레기,서울특별시 강남구청,02-3423-5973,2020-06-30
서울특별시,강남구,봉은사로,미켈란107,도로변(횡단보도 포함),일반쓰레기,서울특별시 강남구청,02-3423-5973,2020-06-30
서울특별시,강남구,봉은사로,미켈란107,도로변(횡단보도 포함),재활용쓰레기,서울특별시 강남구청,02-3423-5973,2020-06-30
서울특별시,강남구,봉은사로,봉은사역 1번출구,도로변(횡단보도 포함),일반쓰레기,서울특별시 강남구청,02-3423-5973,2020-06-30
서울특별시,강남구,봉은사로,봉은사역 1번출구,도로변(횡단보도 포함),재활용쓰레기,서울특별시 강남구청,02-3423-5973,2020-06-30
서울특별시,강남구,봉은사로,GS25 봉은사점,"정류소(버스, 택시 등)",일반쓰레기,서울특별시 강남구청,02-3423-5973,2020-06-30
서울특별시,강남구,봉은사로,GS25 봉은사점,"정류소(버스, 택시 등)",재활용쓰레기,서울특별시 강남구청,02-3423-5973,2020-06-30
서울특별시,강남구,봉은사로,봉은사,도로변(횡단보도 포함),일반쓰레기,서울특별시 강남구청,02-3423-5973,2020-06-30
서울특별시,강남구,봉은사로,봉은사,도로변(횡단보도 포함),재활용쓰레기,서울특별시 강남구청,02-3423-5973,2020-06-30
서울특별시,강남구,봉은사로,더라빌입구,도로변(횡단보도 포함),일반쓰레기,서울특별시 강남구청,02-3423-5973,2020-06-30
서울특별시,강남구,봉은사로,더라빌입구,도로변(횡단보도 포함),재활용쓰레기,서울특별시 강남구청,02-3423-5973,2020-06-30
서울특별시,강남구,봉은사로,오천주유소,도로변(횡단보도 포함),일반쓰레기,서울특별시 강남구청,02-3423-5973,2020-06-30
서울특별시,강남구,봉은사로,오천주유소,도로변(횡단보도 포함),재활용쓰레기,서울특별시 강남구청,02-3423-5973,2020-06-30
서울특별시,강남구,봉은사로,국민은행 삼성중앙역지점,도로변(횡단보도 포함),일반쓰레기,서울특별시 강남구청,02-3423-5973,2020-06-30
서울특별시,강남구,봉은사로,국민은행 삼성중앙역지점,도로변(횡단보도 포함),재활용쓰레기,서울특별시 강남구청,02-3423-5973,2020-06-30
서울특별시,강남구,봉은사로,롯데슈퍼 봉은사로점,"정류소(버스, 택시 등)",일반쓰레기,서울특별시 강남구청,02-3423-5973,2020-06-30
서울특별시,강남구,봉은사로,롯데슈퍼 봉은사로점,"정류소(버스, 택시 등)",재활용쓰레기,서울특별시 강남구청,02-3423-5973,2020-06-30
서울특별시,강남구,봉은사로,한국통신사업자,"정류소(버스, 택시 등)",일반쓰레기,서울특별시 강남구청,02-3423-5973,2020-06-30
서울특별시,강남구,봉은사로,한국통신사업자,"정류소(버스, 택시 등)",재활용쓰레기,서울특별시 강남구청,02-3423-5973,2020-06-30
서울특별시,강남구,봉은사로,삼성2동주민센터,"정류소(버스, 택시 등)",일반쓰레기,서울특별시 강남구청,02-3423-5973,2020-06-30
서울특별시,강남구,봉은사로,삼성2동주민센터,"정류소(버스, 택시 등)",재활용쓰레기,서울특별시 강남구청,02-3423-5973,2020-06-30
서울특별시,강남구,봉은사로,화천장어,"정류소(버스, 택시 등)",일반쓰레기,서울특별시 강남구청,02-3423-5973,2020-06-30
서울특별시,강남구,봉은사로,화천장어,"정류소(버스, 택시 등)",재활용쓰레기,서울특별시 강남구청,02-3423-5973,2020-06-30
서울특별시,강남구,봉은사로,쿨마트 논현점(아크로힐스 논현아파트 104동 앞),"정류소(버스, 택시 등)",일반쓰레기,서울특별시 강남구청,02-3423-5973,2020-06-30
서울특별시,강남구,봉은사로,쿨마트 논현점(아크로힐스 논현아파트 104동 앞),"정류소(버스, 택시 등)",재활용쓰레기,서울특별시 강남구청,02-3423-5973,2020-06-30
서울특별시,강남구,봉은사로,아크로힐스 103동 앞,도로변(횡단보도 포함),일반쓰레기,서울특별시 강남구청,02-3423-5973,2020-06-30
서울특별시,강남구,봉은사로,아크로힐스 103동 앞,도로변(횡단보도 포함),재활용쓰레기,서울특별시 강남구청,02-3423-5973,2020-06-30
서울특별시,강남구,봉은사로,타이어T-스테이션 강남논현점,"정류소(버스, 택시 등)",일반쓰레기,서울특별시 강남구청,02-3423-5973,2020-06-30
서울특별시,강남구,봉은사로,타이어T-스테이션 강남논현점,"정류소(버스, 택시 등)",재활용쓰레기,서울특별시 강남구청,02-3423-5973,2020-06-30
서울특별시,강남구,봉은사로,올리브영 언주역점,"정류소(버스, 택시 등)",일반쓰레기,서울특별시 강남구청,02-3423-5973,2020-06-30
서울특별시,강남구,봉은사로,올리브영 언주역점,"정류소(버스, 택시 등)",재활용쓰레기,서울특별시 강남구청,02-3423-5973,2020-06-30
서울특별시,강남구,봉은사로,거평타운,도로변(횡단보도 포함),일반쓰레기,서울특별시 강남구청,02-3423-5973,2020-06-30
서울특별시,강남구,봉은사로,거평타운,도로변(횡단보도 포함),재활용쓰레기,서울특별시 강남구청,02-3423-5973,2020-06-30
서울특별시,강남구,봉은사로,E·S타워,"정류소(버스, 택시 등)",일반쓰레기,서울특별시 강남구청,02-3423-5973,2020-06-30
서울특별시,강남구,봉은사로,E·S타워,"정류소(버스, 택시 등)",재활용쓰레기,서울특별시 강남구청,02-3423-5973,2020-06-30
서울특별시,강남구,봉은사로,신논현역(봉은사로 110),"정류소(버스, 택시 등)",일반쓰레기,서울특별시 강남구청,02-3423-5973,2020-06-30
서울특별시,강남구,봉은사로,신논현역(봉은사로 110),"정류소(버스, 택시 등)",재활용쓰레기,서울특별시 강남구청,02-3423-5973,2020-06-30
서울특별시,강남구,봉은사로,삼정호텔(차병원 건강검진센터),"정류소(버스, 택시 등)",일반쓰레기,서울특별시 강남구청,02-3423-5973,2020-06-30
서울특별시,강남구,봉은사로,삼정호텔(차병원 건강검진센터),"정류소(버스, 택시 등)",재활용쓰레기,서울특별시 강남구청,02-3423-5973,2020-06-30
서울특별시,강남구,봉은사로,여송빌딩,도로변(횡단보도 포함),일반쓰레기,서울특별시 강남구청,02-3423-5973,2020-06-30
서울특별시,강남구,봉은사로,여송빌딩,도로변(횡단보도 포함),재활용쓰레기,서울특별시 강남구청,02-3423-5973,2020-06-30
서울특별시,강남구,봉은사로,송산빌딩,"정류소(버스, 택시 등)",일반쓰레기,서울특별시 강남구청,02-3423-5973,2020-06-30
서울특별시,강남구,봉은사로,송산빌딩,"정류소(버스, 택시 등)",재활용쓰레기,서울특별시 강남구청,02-3423-5973,2020-06-30
서울특별시,강남구,봉은사로,홍익궁중육개장,도로변(횡단보도 포함),일반쓰레기,서울특별시 강남구청,02-3423-5973,2020-06-30
서울특별시,강남구,봉은사로,홍익궁중육개장,도로변(횡단보도 포함),재활용쓰레기,서울특별시 강남구청,02-3423-5973,2020-06-30
서울특별시,강남구,봉은사로,자미온,도로변(횡단보도 포함),일반쓰레기,서울특별시 강남구청,02-3423-5973,2020-06-30
서울특별시,강남구,봉은사로,자미온,도로변(횡단보도 포함),재활용쓰레기,서울특별시 강남구청,02-3423-5973,2020-06-30
서울특별시,강남구,봉은사로,우리은행 역삼동지점,도로변(횡단보도 포함),일반쓰레기,서울특별시 강남구청,02-3423-5973,2020-06-30
서울특별시,강남구,봉은사로,우리은행 역삼동지점,도로변(횡단보도 포함),재활용쓰레기,서울특별시 강남구청,02-3423-5973,2020-06-30
서울특별시,강남구,봉은사로,NK타워,"정류소(버스, 택시 등)",일반쓰레기,서울특별시 강남구청,02-3423-5973,2020-06-30
서울특별시,강남구,봉은사로,NK타워,"정류소(버스, 택시 등)",재활용쓰레기,서울특별시 강남구청,02-3423-5973,2020-06-30
서울특별시,강남구,봉은사로,창일빌딩,"정류소(버스, 택시 등)",일반쓰레기,서울특별시 강남구청,02-3423-5973,2020-06-30
서울특별시,강남구,봉은사로,창일빌딩,"정류소(버스, 택시 등)",재활용쓰레기,서울특별시 강남구청,02-3423-5973,2020-06-30
서울특별시,강남구,봉은사로,라마다호텔,도로변(횡단보도 포함),일반쓰레기,서울특별시 강남구청,02-3423-5973,2020-06-30
서울특별시,강남구,봉은사로,라마다호텔,도로변(횡단보도 포함),재활용쓰레기,서울특별시 강남구청,02-3423-5973,2020-06-30
서울특별시,강남구,봉은사로,구다모,"정류소(버스, 택시 등)",일반쓰레기,서울특별시 강남구청,02-3423-5973,2020-06-30
서울특별시,강남구,봉은사로,구다모,"정류소(버스, 택시 등)",재활용쓰레기,서울특별시 강남구청,02-3423-5973,2020-06-30
서울특별시,강남구,봉은사로,우리은행 삼성중앙역지점,"정류소(버스, 택시 등)",일반쓰레기,서울특별시 강남구청,02-3423-5973,2020-06-30
서울특별시,강남구,봉은사로,우리은행 삼성중앙역지점,"정류소(버스, 택시 등)",재활용쓰레기,서울특별시 강남구청,02-3423-5973,2020-06-30
서울특별시,강남구,봉은사로,이마트 삼성동점,도로변(횡단보도 포함),일반쓰레기,서울특별시 강남구청,02-3423-5973,2020-06-30
서울특별시,강남구,봉은사로,이마트 삼성동점,도로변(횡단보도 포함),재활용쓰레기,서울특별시 강남구청,02-3423-5973,2020-06-30
서울특별시,강남구,봉은사로,아셈회의장,"정류소(버스, 택시 등)",일반쓰레기,서울특별시 강남구청,02-3423-5973,2020-06-30
서울특별시,강남구,봉은사로,아셈회의장,"정류소(버스, 택시 등)",재활용쓰레기,서울특별시 강남구청,02-3423-5973,2020-06-30
서울특별시,강남구,봉은사로,광동한방병원,"정류소(버스, 택시 등)",일반쓰레기,서울특별시 강남구청,02-3423-5973,2020-06-30
서울특별시,강남구,봉은사로,광동한방병원,"정류소(버스, 택시 등)",재활용쓰레기,서울특별시 강남구청,02-3423-5973,2020-06-30
서울특별시,강남구,봉은사로,신의주찹쌀순대,"정류소(버스, 택시 등)",일반쓰레기,서울특별시 강남구청,02-3423-5973,2020-06-30
서울특별시,강남구,봉은사로,신의주찹쌀순대,"정류소(버스, 택시 등)",재활용쓰레기,서울특별시 강남구청,02-3423-5973,2020-06-30
서울특별시,강남구,테헤란로,삼성빌딩,"정류소(버스, 택시 등)",일반쓰레기,서울특별시 강남구청,02-3423-5973,2020-06-30
서울특별시,강남구,테헤란로,삼성빌딩,"정류소(버스, 택시 등)",재활용쓰레기,서울특별시 강남구청,02-3423-5973,2020-06-30
서울특별시,강남구,테헤란로,삼성역8번 출구,지하철역 입구,일반쓰레기,서울특별시 강남구청,02-3423-5973,2020-06-30
서울특별시,강남구,테헤란로,삼성역8번 출구,지하철역 입구,재활용쓰레기,서울특별시 강남구청,02-3423-5973,2020-06-30
서울특별시,강남구,테헤란로,삼성역5번 출구,지하철역 입구,일반쓰레기,서울특별시 강남구청,02-3423-5973,2020-06-30
서울특별시,강남구,테헤란로,삼성역5번 출구,지하철역 입구,재활용쓰레기,서울특별시 강남구청,02-3423-5973,2020-06-30
서울특별시,강남구,테헤란로,인터콘티넨탈호텔,"정류소(버스, 택시 등)",일반쓰레기,서울특별시 강남구청,02-3423-5973,2020-06-30
서울특별시,강남구,테헤란로,인터콘티넨탈호텔,"정류소(버스, 택시 등)",재활용쓰레기,서울특별시 강남구청,02-3423-5973,2020-06-30
서울특별시,강남구,테헤란로,하나은행 강남외환센터,"정류소(버스, 택시 등)",일반쓰레기,서울특별시 강남구청,02-3423-5973,2020-06-30
서울특별시,강남구,테헤란로,하나은행 강남외환센터,"정류소(버스, 택시 등)",재활용쓰레기,서울특별시 강남구청,02-3423-5973,2020-06-30
서울특별시,강남구,테헤란로,국민은행 삼성동지점,도로변(횡단보도 포함),일반쓰레기,서울특별시 강남구청,02-3423-5973,2020-06-30
서울특별시,강남구,테헤란로,국민은행 삼성동지점,도로변(횡단보도 포함),재활용쓰레기,서울특별시 강남구청,02-3423-5973,2020-06-30
서울특별시,강남구,테헤란로,KB우준타워,도로변(횡단보도 포함),일반쓰레기,서울특별시 강남구청,02-3423-5973,2020-06-30
서울특별시,강남구,테헤란로,KB우준타워,도로변(횡단보도 포함),재활용쓰레기,서울특별시 강남구청,02-3423-5973,2020-06-30
서울특별시,강남구,테헤란로,연당빌딩,"정류소(버스, 택시 등)",일반쓰레기,서울특별시 강남구청,02-3423-5973,2020-06-30
서울특별시,강남구,테헤란로,연당빌딩,"정류소(버스, 택시 등)",재활용쓰레기,서울특별시 강남구청,02-3423-5973,2020-06-30
서울특별시,강남구,테헤란로,삼성생명,도로변(횡단보도 포함),일반쓰레기,서울특별시 강남구청,02-3423-5973,2020-06-30
서울특별시,강남구,테헤란로,삼성생명,도로변(횡단보도 포함),재활용쓰레기,서울특별시 강남구청,02-3423-5973,2020-06-30
서울특별시,강남구,테헤란로,선릉역10번 출구,지하철역 입구,일반쓰레기,서울특별시 강남구청,02-3423-5973,2020-06-30
서울특별시,강남구,테헤란로,선릉역10번 출구,지하철역 입구,재활용쓰레기,서울특별시 강남구청,02-3423-5973,2020-06-30
서울특별시,강남구,테헤란로,선릉역6번 출구,지하철역 입구,일반쓰레기,서울특별시 강남구청,02-3423-5973,2020-06-30
서울특별시,강남구,테헤란로,선릉역6번 출구,지하철역 입구,재활용쓰레기,서울특별시 강남구청,02-3423-5973,2020-06-30
서울특별시,강남구,테헤란로,선릉역5번 출구,지하철역 입구,일반쓰레기,서울특별시 강남구청,02-3423-5973,2020-06-30
서울특별시,강남구,테헤란로,선릉역5번 출구,지하철역 입구,재활용쓰레기,서울특별시 강남구청,02-3423-5973,2020-06-30
서울특별시,강남구,테헤란로,동훈타운,도로변(횡단보도 포함),일반쓰레기,서울특별시 강남구청,02-3423-5973,2020-06-30
서울특별시,강남구,테헤란로,동훈타운,도로변(횡단보도 포함),재활용쓰레기,서울특별시 강남구청,02-3423-5973,2020-06-30
서울특별시,강남구,테헤란로,한국기술센터,"정류소(버스, 택시 등)",일반쓰레기,서울특별시 강남구청,02-3423-5973,2020-06-30
서울특별시,강남구,테헤란로,한국기술센터,"정류소(버스, 택시 등)",재활용쓰레기,서울특별시 강남구청,02-3423-5973,2020-06-30
서울특별시,강남구,테헤란로,라마다르네상스,기타(지하보도 앞),일반쓰레기,서울특별시 강남구청,02-3423-5973,2020-06-30
서울특별시,강남구,테헤란로,라마다르네상스,기타(지하보도 앞),재활용쓰레기,서울특별시 강남구청,02-3423-5973,2020-06-30
서울특별시,강남구,테헤란로,뱅뱅본사직영점,도로변(횡단보도 포함),일반쓰레기,서울특별시 강남구청,02-3423-5973,2020-06-30
서울특별시,강남구,테헤란로,뱅뱅본사직영점,도로변(횡단보도 포함),재활용쓰레기,서울특별시 강남구청,02-3423-5973,2020-06-30
서울특별시,강남구,테헤란로,KEB하나은행 역삼역금융센터,"정류소(버스, 택시 등)",일반쓰레기,서울특별시 강남구청,02-3423-5973,2020-06-30
서울특별시,강남구,테헤란로,KEB하나은행 역삼역금융센터,"정류소(버스, 택시 등)",재활용쓰레기,서울특별시 강남구청,02-3423-5973,2020-06-30
서울특별시,강남구,테헤란로,역삼역8번 출구,지하철역 입구,일반쓰레기,서울특별시 강남구청,02-3423-5973,2020-06-30
서울특별시,강남구,테헤란로,역삼역8번 출구,지하철역 입구,재활용쓰레기,서울특별시 강남구청,02-3423-5973,2020-06-30
서울특별시,강남구,테헤란로,역삼역5번 출구,지하철역 입구,일반쓰레기,서울특별시 강남구청,02-3423-5973,2020-06-30
서울특별시,강남구,테헤란로,역삼역5번 출구,지하철역 입구,재활용쓰레기,서울특별시 강남구청,02-3423-5973,2020-06-30
서울특별시,강남구,테헤란로,역삼역4번출구,지하철역 입구,일반쓰레기,서울특별시 강남구청,02-3423-5973,2020-06-30
서울특별시,강남구,테헤란로,역삼역4번출구,지하철역 입구,재활용쓰레기,서울특별시 강남구청,02-3423-5973,2020-06-30
서울특별시,강남구,테헤란로,특허청,도로변(횡단보도 포함),일반쓰레기,서울특별시 강남구청,02-3423-5973,2020-06-30
서울특별시,강남구,테헤란로,특허청,도로변(횡단보도 포함),재활용쓰레기,서울특별시 강남구청,02-3423-5973,2020-06-30
서울특별시,강남구,테헤란로,여삼빌딩,도로변(횡단보도 포함),일반쓰레기,서울특별시 강남구청,02-3423-5973,2020-06-30
서울특별시,강남구,테헤란로,여삼빌딩,도로변(횡단보도 포함),재활용쓰레기,서울특별시 강남구청,02-3423-5973,2020-06-30
서울특별시,강남구,테헤란로,단풍나무집 강남점,"정류소(버스, 택시 등)",일반쓰레기,서울특별시 강남구청,02-3423-5973,2020-06-30
서울특별시,강남구,테헤란로,단풍나무집 강남점,"정류소(버스, 택시 등)",재활용쓰레기,서울특별시 강남구청,02-3423-5973,2020-06-30
서울특별시,강남구,테헤란로,강남역 12번출구,지하철역 입구,일반쓰레기,서울특별시 강남구청,02-3423-5973,2020-06-30
서울특별시,강남구,테헤란로,강남역 12번출구,지하철역 입구,재활용쓰레기,서울특별시 강남구청,02-3423-5973,2020-06-30
서울특별시,강남구,강남대로,신사빌딩,"정류소(버스, 택시 등)",일반쓰레기,서울특별시 강남구청,02-3423-5973,2020-06-30
서울특별시,강남구,강남대로,신사빌딩,"정류소(버스, 택시 등)",재활용쓰레기,서울특별시 강남구청,02-3423-5973,2020-06-30
서울특별시,강남구,강남대로,신사역6번 출구,지하철역 입구,일반쓰레기,서울특별시 강남구청,02-3423-5973,2020-06-30
서울특별시,강남구,강남대로,신사역6번 출구,지하철역 입구,재활용쓰레기,서울특별시 강남구청,02-3423-5973,2020-06-30
서울특별시,강남구,강남대로,신사역3번 출구,지하철역 입구,일반쓰레기,서울특별시 강남구청,02-3423-5973,2020-06-30
서울특별시,강남구,강남대로,신사역3번 출구,지하철역 입구,재활용쓰레기,서울특별시 강남구청,02-3423-5973,2020-06-30
서울특별시,강남구,강남대로,동신빌딩,"정류소(버스, 택시 등)",일반쓰레기,서울특별시 강남구청,02-3423-5973,2020-06-30
서울특별시,강남구,강남대로,동신빌딩,"정류소(버스, 택시 등)",재활용쓰레기,서울특별시 강남구청,02-3423-5973,2020-06-30
서울특별시,강남구,강남대로,전기공사공제조합,도로변(횡단보도 포함),일반쓰레기,서울특별시 강남구청,02-3423-5973,2020-06-30
서울특별시,강남구,강남대로,전기공사공제조합,도로변(횡단보도 포함),재활용쓰레기,서울특별시 강남구청,02-3423-5973,2020-06-30
서울특별시,강남구,강남대로,원맨원B/D,"정류소(버스, 택시 등)",일반쓰레기,서울특별시 강남구청,02-3423-5973,2020-06-30
서울특별시,강남구,강남대로,원맨원B/D,"정류소(버스, 택시 등)",재활용쓰레기,서울특별시 강남구청,02-3423-5973,2020-06-30
서울특별시,강남구,강남대로,강남에스엠여성의원,"정류소(버스, 택시 등)",일반쓰레기,서울특별시 강남구청,02-3423-5973,2020-06-30
서울특별시,강남구,강남대로,강남에스엠여성의원,"정류소(버스, 택시 등)",재활용쓰레기,서울특별시 강남구청,02-3423-5973,2020-06-30
서울특별시,강남구,강남대로,HK저축은행(HK빌딩),"정류소(버스, 택시 등)",일반쓰레기,서울특별시 강남구청,02-3423-5973,2020-06-30
서울특별시,강남구,강남대로,HK저축은행(HK빌딩),"정류소(버스, 택시 등)",재활용쓰레기,서울특별시 강남구청,02-3423-5973,2020-06-30
서울특별시,강남구,강남대로,온누리제일그랜드약국,도로변(횡단보도 포함),일반쓰레기,서울특별시 강남구청,02-3423-5973,2020-06-30
서울특별시,강남구,강남대로,온누리제일그랜드약국,도로변(횡단보도 포함),재활용쓰레기,서울특별시 강남구청,02-3423-5973,2020-06-30
서울특별시,강남구,강남대로,신논현역 5번출구,지하철역 입구,일반쓰레기,서울특별시 강남구청,02-3423-5973,2020-06-30
서울특별시,강남구,강남대로,신논현역 5번출구,지하철역 입구,재활용쓰레기,서울특별시 강남구청,02-3423-5973,2020-06-30
서울특별시,강남구,강남대로,한국자산관리공사,"정류소(버스, 택시 등)",일반쓰레기,서울특별시 강남구청,02-3423-5973,2020-06-30
서울특별시,강남구,강남대로,한국자산관리공사,"정류소(버스, 택시 등)",재활용쓰레기,서울특별시 강남구청,02-3423-5973,2020-06-30
서울특별시,강남구,강남대로,ABC마트 GS강남본점,도로변(횡단보도 포함),일반쓰레기,서울특별시 강남구청,02-3423-5973,2020-06-30
서울특별시,강남구,강남대로,ABC마트 GS강남본점,도로변(횡단보도 포함),재활용쓰레기,서울특별시 강남구청,02-3423-5973,2020-06-30
서울특별시,강남구,강남대로,씨티약국,"정류소(버스, 택시 등)",일반쓰레기,서울특별시 강남구청,02-3423-5973,2020-06-30
서울특별시,강남구,강남대로,씨티약국,"정류소(버스, 택시 등)",재활용쓰레기,서울특별시 강남구청,02-3423-5973,2020-06-30
서울특별시,강남구,강남대로,뉴발란스 강남 플래그십스토어,도로변(횡단보도 포함),일반쓰레기,서울특별시 강남구청,02-3423-5973,2020-06-30
서울특별시,강남구,강남대로,뉴발란스 강남 플래그십스토어,도로변(횡단보도 포함),재활용쓰레기,서울특별시 강남구청,02-3423-5973,2020-06-30
서울특별시,강남구,강남대로,YBM어학원 강남센터,도로변(횡단보도 포함),일반쓰레기,서울특별시 강남구청,02-3423-5973,2020-06-30
서울특별시,강남구,강남대로,YBM어학원 강남센터,도로변(횡단보도 포함),재활용쓰레기,서울특별시 강남구청,02-3423-5973,2020-06-30
서울특별시,강남구,논현로,애체안경,도로변(횡단보도 포함),일반쓰레기,서울특별시 강남구청,02-3423-5973,2020-06-30
서울특별시,강남구,논현로,애체안경,도로변(횡단보도 포함),재활용쓰레기,서울특별시 강남구청,02-3423-5973,2020-06-30
서울특별시,강남구,논현로,압구정역4번 출구,지하철역 입구,일반쓰레기,서울특별시 강남구청,02-3423-5973,2020-06-30
서울특별시,강남구,논현로,압구정역4번 출구,지하철역 입구,재활용쓰레기,서울특별시 강남구청,02-3423-5973,2020-06-30
서울특별시,강남구,논현로,국민은행 압구정종합금융센터,"정류소(버스, 택시 등)",일반쓰레기,서울특별시 강남구청,02-3423-5973,2020-06-30
서울특별시,강남구,논현로,국민은행 압구정종합금융센터,"정류소(버스, 택시 등)",재활용쓰레기,서울특별시 강남구청,02-3423-5973,2020-06-30
서울특별시,강남구,논현로,하이마트 압구정점,도로변(횡단보도 포함),일반쓰레기,서울특별시 강남구청,02-3423-5973,2020-06-30
서울특별시,강남구,논현로,하이마트 압구정점,도로변(횡단보도 포함),재활용쓰레기,서울특별시 강남구청,02-3423-5973,2020-06-30
서울특별시,강남구,논현로,유니버스가구,"정류소(버스, 택시 등)",일반쓰레기,서울특별시 강남구청,02-3423-5973,2020-06-30
서울특별시,강남구,논현로,유니버스가구,"정류소(버스, 택시 등)",재활용쓰레기,서울특별시 강남구청,02-3423-5973,2020-06-30
서울특별시,강남구,논현로,더조은 병원,"정류소(버스, 택시 등)",일반쓰레기,서울특별시 강남구청,02-3423-5973,2020-06-30
서울특별시,강남구,논현로,더조은 병원,"정류소(버스, 택시 등)",재활용쓰레기,서울특별시 강남구청,02-3423-5973,2020-06-30
서울특별시,강남구,논현로,학동역7번 출구,지하철역 입구,일반쓰레기,서울특별시 강남구청,02-3423-5973,2020-06-30
서울특별시,강남구,논현로,학동역7번 출구,지하철역 입구,재활용쓰레기,서울특별시 강남구청,02-3423-5973,2020-06-30
서울특별시,강남구,논현로,학동역4번 출구,지하철역 입구,일반쓰레기,서울특별시 강남구청,02-3423-5973,2020-06-30
서울특별시,강남구,논현로,학동역4번 출구,지하철역 입구,재활용쓰레기,서울특별시 강남구청,02-3423-5973,2020-06-30
서울특별시,강남구,논현로,LGU+ 언주역점,"정류소(버스, 택시 등)",일반쓰레기,서울특별시 강남구청,02-3423-5973,2020-06-30
서울특별시,강남구,논현로,LGU+ 언주역점,"정류소(버스, 택시 등)",재활용쓰레기,서울특별시 강남구청,02-3423-5973,2020-06-30
서울특별시,강남구,논현로,기업은행 언주역지점,도로변(횡단보도 포함),일반쓰레기,서울특별시 강남구청,02-3423-5973,2020-06-30
서울특별시,강남구,논현로,기업은행 언주역지점,도로변(횡단보도 포함),재활용쓰레기,서울특별시 강남구청,02-3423-5973,2020-06-30
서울특별시,강남구,논현로,차병원연구소,도로변(횡단보도 포함),일반쓰레기,서울특별시 강남구청,02-3423-5973,2020-06-30
서울특별시,강남구,논현로,차병원연구소,도로변(횡단보도 포함),재활용쓰레기,서울특별시 강남구청,02-3423-5973,2020-06-30
서울특별시,강남구,논현로,안덕빌딩,"정류소(버스, 택시 등)",일반쓰레기,서울특별시 강남구청,02-3423-5973,2020-06-30
서울특별시,강남구,논현로,안덕빌딩,"정류소(버스, 택시 등)",재활용쓰레기,서울특별시 강남구청,02-3423-5973,2020-06-30
서울특별시,강남구,논현로,배민라이더스 남부센터,도로변(횡단보도 포함),일반쓰레기,서울특별시 강남구청,02-3423-5973,2020-06-30
서울특별시,강남구,논현로,배민라이더스 남부센터,도로변(횡단보도 포함),재활용쓰레기,서울특별시 강남구청,02-3423-5973,2020-06-30
서울특별시,강남구,논현로,마린텍,도로변(횡단보도 포함),일반쓰레기,서울특별시 강남구청,02-3423-5973,2020-06-30
서울특별시,강남구,논현로,마린텍,도로변(횡단보도 포함),재활용쓰레기,서울특별시 강남구청,02-3423-5973,2020-06-30
서울특별시,강남구,논현로,수협은행 강남기업금융센터,"정류소(버스, 택시 등)",일반쓰레기,서울특별시 강남구청,02-3423-5973,2020-06-30
서울특별시,강남구,논현로,수협은행 강남기업금융센터,"정류소(버스, 택시 등)",재활용쓰레기,서울특별시 강남구청,02-3423-5973,2020-06-30
서울특별시,강남구,논현로,GS빌딩,"정류소(버스, 택시 등)",일반쓰레기,서울특별시 강남구청,02-3423-5973,2020-06-30
서울특별시,강남구,논현로,GS빌딩,"정류소(버스, 택시 등)",재활용쓰레기,서울특별시 강남구청,02-3423-5973,2020-06-30
서울특별시,강남구,논현로,온누리건강약국(온누리빌딩),도로변(횡단보도 포함),일반쓰레기,서울특별시 강남구청,02-3423-5973,2020-06-30
서울특별시,강남구,논현로,온누리건강약국(온누리빌딩),도로변(횡단보도 포함),재활용쓰레기,서울특별시 강남구청,02-3423-5973,2020-06-30
서울특별시,강남구,논현로,문화빌딩,"정류소(버스, 택시 등)",일반쓰레기,서울특별시 강남구청,02-3423-5973,2020-06-30
서울특별시,강남구,논현로,문화빌딩,"정류소(버스, 택시 등)",재활용쓰레기,서울특별시 강남구청,02-3423-5973,2020-06-30
서울특별시,강남구,논현로,911스포츠,"정류소(버스, 택시 등)",일반쓰레기,서울특별시 강남구청,02-3423-5973,2020-06-30
서울특별시,강남구,논현로,911스포츠,"정류소(버스, 택시 등)",재활용쓰레기,서울특별시 강남구청,02-3423-5973,2020-06-30
서울특별시,강남구,논현로,힐탑 SK셀프주유소,도로변(횡단보도 포함),일반쓰레기,서울특별시 강남구청,02-3423-5973,2020-06-30
서울특별시,강남구,논현로,힐탑 SK셀프주유소,도로변(횡단보도 포함),재활용쓰레기,서울특별시 강남구청,02-3423-5973,2020-06-30
서울특별시,강남구,논현로,스타벅스 논현힐탑점,"정류소(버스, 택시 등)",일반쓰레기,서울특별시 강남구청,02-3423-5973,2020-06-30
서울특별시,강남구,논현로,스타벅스 논현힐탑점,"정류소(버스, 택시 등)",재활용쓰레기,서울특별시 강남구청,02-3423-5973,2020-06-30
서울특별시,강남구,논현로,학동역3번 출구,지하철역 입구,일반쓰레기,서울특별시 강남구청,02-3423-5973,2020-06-30
서울특별시,강남구,논현로,학동역3번 출구,지하철역 입구,재활용쓰레기,서울특별시 강남구청,02-3423-5973,2020-06-30
서울특별시,강남구,논현로,아이케슬,"정류소(버스, 택시 등)",일반쓰레기,서울특별시 강남구청,02-3423-5973,2020-06-30
서울특별시,강남구,논현로,아이케슬,"정류소(버스, 택시 등)",재활용쓰레기,서울특별시 강남구청,02-3423-5973,2020-06-30
서울특별시,강남구,논현로,국제모피,도로변(횡단보도 포함),일반쓰레기,서울특별시 강남구청,02-3423-5973,2020-06-30
서울특별시,강남구,논현로,국제모피,도로변(횡단보도 포함),재활용쓰레기,서울특별시 강남구청,02-3423-5973,2020-06-30
서울특별시,강남구,논현로,로뎀빌딩,도로변(횡단보도 포함),일반쓰레기,서울특별시 강남구청,02-3423-5973,2020-06-30
서울특별시,강남구,논현로,로뎀빌딩,도로변(횡단보도 포함),재활용쓰레기,서울특별시 강남구청,02-3423-5973,2020-06-30
서울특별시,강남구,논현로,농협 압구정역지점,"정류소(버스, 택시 등)",일반쓰레기,서울특별시 강남구청,02-3423-5973,2020-06-30
서울특별시,강남구,논현로,농협 압구정역지점,"정류소(버스, 택시 등)",재활용쓰레기,서울특별시 강남구청,02-3423-5973,2020-06-30
서울특별시,강남구,논현로,압구정역3번 출구,지하철역 입구,일반쓰레기,서울특별시 강남구청,02-3423-5973,2020-06-30
서울특별시,강남구,논현로,압구정역3번 출구,지하철역 입구,재활용쓰레기,서울특별시 강남구청,02-3423-5973,2020-06-30
서울특별시,강남구,논현로,압구정역2번 출구,지하철역 입구,일반쓰레기,서울특별시 강남구청,02-3423-5973,2020-06-30
서울특별시,강남구,논현로,압구정역2번 출구,지하철역 입구,재활용쓰레기,서울특별시 강남구청,02-3423-5973,2020-06-30
서울특별시,강남구,현대길(압구정로29길),현대아파트 203동,도로변(횡단보도 포함),일반쓰레기,서울특별시 강남구청,02-3423-5973,2020-06-30
서울특별시,강남구,현대길(압구정로29길),현대아파트 203동,도로변(횡단보도 포함),재활용쓰레기,서울특별시 강남구청,02-3423-5973,2020-06-30
서울특별시,강남구,현대길(압구정로29길),현대아파트 79동,도로변(횡단보도 포함),일반쓰레기,서울특별시 강남구청,02-3423-5973,2020-06-30
서울특별시,강남구,현대길(압구정로29길),현대아파트 79동,도로변(횡단보도 포함),재활용쓰레기,서울특별시 강남구청,02-3423-5973,2020-06-30
서울특별시,강남구,현대길(압구정로29길),현대아파트 211동,도로변(횡단보도 포함),일반쓰레기,서울특별시 강남구청,02-3423-5973,2020-06-30
서울특별시,강남구,현대길(압구정로29길),현대아파트 211동,도로변(횡단보도 포함),재활용쓰레기,서울특별시 강남구청,02-3423-5973,2020-06-30
서울특별시,강남구,현대길(압구정로29길),현대아파트 71동,도로변(횡단보도 포함),일반쓰레기,서울특별시 강남구청,02-3423-5973,2020-06-30
서울특별시,강남구,현대길(압구정로29길),현대아파트 71동,도로변(횡단보도 포함),재활용쓰레기,서울특별시 강남구청,02-3423-5973,2020-06-30
서울특별시,강남구,언주로,압구정중고,"정류소(버스, 택시 등)",일반쓰레기,서울특별시 강남구청,02-3423-5973,2020-06-30
서울특별시,강남구,언주로,압구정중고,"정류소(버스, 택시 등)",재활용쓰레기,서울특별시 강남구청,02-3423-5973,2020-06-30
서울특별시,강남구,언주로,라움,도로변(횡단보도 포함),일반쓰레기,서울특별시 강남구청,02-3423-5973,2020-06-30
서울특별시,강남구,언주로,라움,도로변(횡단보도 포함),재활용쓰레기,서울특별시 강남구청,02-3423-5973,2020-06-30
서울특별시,강남구,언주로,글로벌뱅앤올룹슨,도로변(횡단보도 포함),일반쓰레기,서울특별시 강남구청,02-3423-5973,2020-06-30
서울특별시,강남구,언주로,글로벌뱅앤올룹슨,도로변(횡단보도 포함),재활용쓰레기,서울특별시 강남구청,02-3423-5973,2020-06-30
서울특별시,강남구,언주로,마스터빌딩,도로변(횡단보도 포함),일반쓰레기,서울특별시 강남구청,02-3423-5973,2020-06-30
서울특별시,강남구,언주로,마스터빌딩,도로변(횡단보도 포함),재활용쓰레기,서울특별시 강남구청,02-3423-5973,2020-06-30
서울특별시,강남구,언주로,서울세관,도로변(횡단보도 포함),일반쓰레기,서울특별시 강남구청,02-3423-5973,2020-06-30
서울특별시,강남구,언주로,서울세관,도로변(횡단보도 포함),재활용쓰레기,서울특별시 강남구청,02-3423-5973,2020-06-30
서울특별시,강남구,언주로,신한은행 영동지점,"정류소(버스, 택시 등)",일반쓰레기,서울특별시 강남구청,02-3423-5973,2020-06-30
서울특별시,강남구,언주로,신한은행 영동지점,"정류소(버스, 택시 등)",재활용쓰레기,서울특별시 강남구청,02-3423-5973,2020-06-30
서울특별시,강남구,언주로,올리브영 세관사거리점,도로변(횡단보도 포함),일반쓰레기,서울특별시 강남구청,02-3423-5973,2020-06-30
서울특별시,강남구,언주로,올리브영 세관사거리점,도로변(횡단보도 포함),재활용쓰레기,서울특별시 강남구청,02-3423-5973,2020-06-30
서울특별시,강남구,언주로,포스코주택전시관,"정류소(버스, 택시 등)",일반쓰레기,서울특별시 강남구청,02-3423-5973,2020-06-30
서울특별시,강남구,언주로,포스코주택전시관,"정류소(버스, 택시 등)",재활용쓰레기,서울특별시 강남구청,02-3423-5973,2020-06-30
서울특별시,강남구,언주로,강남지인병원,도로변(횡단보도 포함),일반쓰레기,서울특별시 강남구청,02-3423-5973,2020-06-30
서울특별시,강남구,언주로,강남지인병원,도로변(횡단보도 포함),재활용쓰레기,서울특별시 강남구청,02-3423-5973,2020-06-30
서울특별시,강남구,언주로,강남 YMCA(논현동225-6),"정류소(버스, 택시 등)",일반쓰레기,서울특별시 강남구청,02-3423-5973,2020-06-30
서울특별시,강남구,언주로,강남 YMCA(논현동225-6),"정류소(버스, 택시 등)",재활용쓰레기,서울특별시 강남구청,02-3423-5973,2020-06-30
서울특별시,강남구,언주로,스포월드,"정류소(버스, 택시 등)",일반쓰레기,서울특별시 강남구청,02-3423-5973,2020-06-30
서울특별시,강남구,언주로,스포월드,"정류소(버스, 택시 등)",재활용쓰레기,서울특별시 강남구청,02-3423-5973,2020-06-30
서울특별시,강남구,언주로,르노삼성자동차 강남지점,도로변(횡단보도 포함),일반쓰레기,서울특별시 강남구청,02-3423-5973,2020-06-30
서울특별시,강남구,언주로,르노삼성자동차 강남지점,도로변(횡단보도 포함),재활용쓰레기,서울특별시 강남구청,02-3423-5973,2020-06-30
서울특별시,강남구,언주로,영동전화국,"정류소(버스, 택시 등)",일반쓰레기,서울특별시 강남구청,02-3423-5973,2020-06-30
서울특별시,강남구,언주로,영동전화국,"정류소(버스, 택시 등)",재활용쓰레기,서울특별시 강남구청,02-3423-5973,2020-06-30
서울특별시,강남구,언주로,역삼②지하보도(테헤란로301),기타(지하보도 앞),일반쓰레기,서울특별시 강남구청,02-3423-5973,2020-06-30
서울특별시,강남구,언주로,역삼②지하보도(테헤란로301),기타(지하보도 앞),재활용쓰레기,서울특별시 강남구청,02-3423-5973,2020-06-30
서울특별시,강남구,언주로,서울 전통 육개장,"정류소(버스, 택시 등)",일반쓰레기,서울특별시 강남구청,02-3423-5973,2020-06-30
서울특별시,강남구,언주로,서울 전통 육개장,"정류소(버스, 택시 등)",재활용쓰레기,서울특별시 강남구청,02-3423-5973,2020-06-30
서울특별시,강남구,언주로,LGU+ KIDC논현센터,"정류소(버스, 택시 등)",일반쓰레기,서울특별시 강남구청,02-3423-5973,2020-06-30
서울특별시,강남구,언주로,LGU+ KIDC논현센터,"정류소(버스, 택시 등)",재활용쓰레기,서울특별시 강남구청,02-3423-5973,2020-06-30
서울특별시,강남구,언주로,임페리얼 팔레스,"정류소(버스, 택시 등)",일반쓰레기,서울특별시 강남구청,02-3423-5973,2020-06-30
서울특별시,강남구,언주로,임페리얼 팔레스,"정류소(버스, 택시 등)",재활용쓰레기,서울특별시 강남구청,02-3423-5973,2020-06-30
서울특별시,강남구,언주로,세븐일레븐 논현2호점,"정류소(버스, 택시 등)",일반쓰레기,서울특별시 강남구청,02-3423-5973,2020-06-30
서울특별시,강남구,언주로,세븐일레븐 논현2호점,"정류소(버스, 택시 등)",재활용쓰레기,서울특별시 강남구청,02-3423-5973,2020-06-30
서울특별시,강남구,언주로,두산타워,도로변(횡단보도 포함),일반쓰레기,서울특별시 강남구청,02-3423-5973,2020-06-30
서울특별시,강남구,언주로,두산타워,도로변(횡단보도 포함),재활용쓰레기,서울특별시 강남구청,02-3423-5973,2020-06-30
서울특별시,강남구,언주로,아크로갤러리,"정류소(버스, 택시 등)",일반쓰레기,서울특별시 강남구청,02-3423-5973,2020-06-30
서울특별시,강남구,언주로,아크로갤러리,"정류소(버스, 택시 등)",재활용쓰레기,서울특별시 강남구청,02-3423-5973,2020-06-30
서울특별시,강남구,언주로,윤당 아트홀,"정류소(버스, 택시 등)",일반쓰레기,서울특별시 강남구청,02-3423-5973,2020-06-30
서울특별시,강남구,언주로,윤당 아트홀,"정류소(버스, 택시 등)",재활용쓰레기,서울특별시 강남구청,02-3423-5973,2020-06-30
서울특별시,강남구,언주로,현대아파트 92동앞,"정류소(버스, 택시 등)",일반쓰레기,서울특별시 강남구청,02-3423-5973,2020-06-30
서울특별시,강남구,언주로,현대아파트 92동앞,"정류소(버스, 택시 등)",재활용쓰레기,서울특별시 강남구청,02-3423-5973,2020-06-30
서울특별시,강남구,선릉로,국대떡볶이 압구정로데오점,"정류소(버스, 택시 등)",일반쓰레기,서울특별시 강남구청,02-3423-5973,2020-06-30
서울특별시,강남구,선릉로,국대떡볶이 압구정로데오점,"정류소(버스, 택시 등)",재활용쓰레기,서울특별시 강남구청,02-3423-5973,2020-06-30
서울특별시,강남구,선릉로,LGU+ 강남구청역점,"정류소(버스, 택시 등)",일반쓰레기,서울특별시 강남구청,02-3423-5973,2020-06-30
서울특별시,강남구,선릉로,LGU+ 강남구청역점,"정류소(버스, 택시 등)",재활용쓰레기,서울특별시 강남구청,02-3423-5973,2020-06-30
서울특별시,강남구,선릉로,KS병원,"정류소(버스, 택시 등)",일반쓰레기,서울특별시 강남구청,02-3423-5973,2020-06-30
서울특별시,강남구,선릉로,KS병원,"정류소(버스, 택시 등)",재활용쓰레기,서울특별시 강남구청,02-3423-5973,2020-06-30
서울특별시,강남구,선릉로,선릉역7번출구,지하철역 입구,일반쓰레기,서울특별시 강남구청,02-3423-5973,2020-06-30
서울특별시,강남구,선릉로,선릉역7번출구,지하철역 입구,재활용쓰레기,서울특별시 강남구청,02-3423-5973,2020-06-30
서울특별시,강남구,선릉로,선릉역8번출구,지하철역 입구,일반쓰레기,서울특별시 강남구청,02-3423-5973,2020-06-30
서울특별시,강남구,선릉로,선릉역8번출구,지하철역 입구,재활용쓰레기,서울특별시 강남구청,02-3423-5973,2020-06-30
서울특별시,강남구,선릉로,아크로텔,"정류소(버스, 택시 등)",일반쓰레기,서울특별시 강남구청,02-3423-5973,2020-06-30
서울특별시,강남구,선릉로,아크로텔,"정류소(버스, 택시 등)",재활용쓰레기,서울특별시 강남구청,02-3423-5973,2020-06-30
서울특별시,강남구,선릉로,선릉공원,도로변(횡단보도 포함),일반쓰레기,서울특별시 강남구청,02-3423-5973,2020-06-30
서울특별시,강남구,선릉로,선릉공원,도로변(횡단보도 포함),재활용쓰레기,서울특별시 강남구청,02-3423-5973,2020-06-30
서울특별시,강남구,선릉로,건우한의원,"정류소(버스, 택시 등)",일반쓰레기,서울특별시 강남구청,02-3423-5973,2020-06-30
서울특별시,강남구,선릉로,건우한의원,"정류소(버스, 택시 등)",재활용쓰레기,서울특별시 강남구청,02-3423-5973,2020-06-30
서울특별시,강남구,선릉로,나래(한미르빌딩),도로변(횡단보도 포함),일반쓰레기,서울특별시 강남구청,02-3423-5973,2020-06-30
서울특별시,강남구,선릉로,나래(한미르빌딩),도로변(횡단보도 포함),재활용쓰레기,서울특별시 강남구청,02-3423-5973,2020-06-30
서울특별시,강남구,선릉로,도시빌딩,"정류소(버스, 택시 등)",일반쓰레기,서울특별시 강남구청,02-3423-5973,2020-06-30
서울특별시,강남구,선릉로,도시빌딩,"정류소(버스, 택시 등)",재활용쓰레기,서울특별시 강남구청,02-3423-5973,2020-06-30
서울특별시,강남구,선릉로,영동고교입구,"정류소(버스, 택시 등)",일반쓰레기,서울특별시 강남구청,02-3423-5973,2020-06-30
서울특별시,강남구,선릉로,영동고교입구,"정류소(버스, 택시 등)",재활용쓰레기,서울특별시 강남구청,02-3423-5973,2020-06-30
서울특별시,강남구,선릉로,버거킹 청담점,"정류소(버스, 택시 등)",일반쓰레기,서울특별시 강남구청,02-3423-5973,2020-06-30
서울특별시,강남구,선릉로,버거킹 청담점,"정류소(버스, 택시 등)",재활용쓰레기,서울특별시 강남구청,02-3423-5973,2020-06-30
서울특별시,강남구,선릉로,Tag Heuer,도로변(횡단보도 포함),일반쓰레기,서울특별시 강남구청,02-3423-5973,2020-06-30
서울특별시,강남구,선릉로,Tag Heuer,도로변(횡단보도 포함),재활용쓰레기,서울특별시 강남구청,02-3423-5973,2020-06-30
서울특별시,강남구,삼성로,청담성모치과,"정류소(버스, 택시 등)",일반쓰레기,서울특별시 강남구청,02-3423-5973,2020-06-30
서울특별시,강남구,삼성로,청담성모치과,"정류소(버스, 택시 등)",재활용쓰레기,서울특별시 강남구청,02-3423-5973,2020-06-30
서울특별시,강남구,삼성로,청기와 아트갤러리,도로변(횡단보도 포함),일반쓰레기,서울특별시 강남구청,02-3423-5973,2020-06-30
서울특별시,강남구,삼성로,청기와 아트갤러리,도로변(횡단보도 포함),재활용쓰레기,서울특별시 강남구청,02-3423-5973,2020-06-30
서울특별시,강남구,삼성로,피카소 라운지,도로변(횡단보도 포함),일반쓰레기,서울특별시 강남구청,02-3423-5973,2020-06-30
서울특별시,강남구,삼성로,피카소 라운지,도로변(횡단보도 포함),재활용쓰레기,서울특별시 강남구청,02-3423-5973,2020-06-30
서울특별시,강남구,삼성로,설빙 청담공원점,"정류소(버스, 택시 등)",일반쓰레기,서울특별시 강남구청,02-3423-5973,2020-06-30
서울특별시,강남구,삼성로,설빙 청담공원점,"정류소(버스, 택시 등)",재활용쓰레기,서울특별시 강남구청,02-3423-5973,2020-06-30
서울특별시,강남구,삼성로,청담역8번 출구,지하철역 입구,일반쓰레기,서울특별시 강남구청,02-3423-5973,2020-06-30
서울특별시,강남구,삼성로,청담역8번 출구,지하철역 입구,재활용쓰레기,서울특별시 강남구청,02-3423-5973,2020-06-30
서울특별시,강남구,삼성로,상아아파트 2동앞(학동로446),"정류소(버스, 택시 등)",일반쓰레기,서울특별시 강남구청,02-3423-5973,2020-06-30
서울특별시,강남구,삼성로,상아아파트 2동앞(학동로446),"정류소(버스, 택시 등)",재활용쓰레기,서울특별시 강남구청,02-3423-5973,2020-06-30
서울특별시,강남구,삼성로,노브랜드 강남삼성점,도로변(횡단보도 포함),일반쓰레기,서울특별시 강남구청,02-3423-5973,2020-06-30
서울특별시,강남구,삼성로,노브랜드 강남삼성점,도로변(횡단보도 포함),재활용쓰레기,서울특별시 강남구청,02-3423-5973,2020-06-30
서울특별시,강남구,삼성로,센트럴 아이파크 304동 앞,"정류소(버스, 택시 등)",일반쓰레기,서울특별시 강남구청,02-3423-5973,2020-06-30
서울특별시,강남구,삼성로,센트럴 아이파크 304동 앞,"정류소(버스, 택시 등)",재활용쓰레기,서울특별시 강남구청,02-3423-5973,2020-06-30
서울특별시,강남구,삼성로,BK타워,도로변(횡단보도 포함),일반쓰레기,서울특별시 강남구청,02-3423-5973,2020-06-30
서울특별시,강남구,삼성로,BK타워,도로변(횡단보도 포함),재활용쓰레기,서울특별시 강남구청,02-3423-5973,2020-06-30
서울특별시,강남구,삼성로,삼성주유소,도로변(횡단보도 포함),일반쓰레기,서울특별시 강남구청,02-3423-5973,2020-06-30
서울특별시,강남구,삼성로,삼성주유소,도로변(횡단보도 포함),재활용쓰레기,서울특별시 강남구청,02-3423-5973,2020-06-30
서울특별시,강남구,삼성로,리칭,도로변(횡단보도 포함),일반쓰레기,서울특별시 강남구청,02-3423-5973,2020-06-30
서울특별시,강남구,삼성로,리칭,도로변(횡단보도 포함),재활용쓰레기,서울특별시 강남구청,02-3423-5973,2020-06-30
서울특별시,강남구,삼성로,삼성로 521 버스정류장,"정류소(버스, 택시 등)",일반쓰레기,서울특별시 강남구청,02-3423-5973,2020-06-30
서울특별시,강남구,삼성로,삼성로 521 버스정류장,"정류소(버스, 택시 등)",재활용쓰레기,서울특별시 강남구청,02-3423-5973,2020-06-30
서울특별시,강남구,삼성로,홈플러스 익스프레스 삼성2점,"정류소(버스, 택시 등)",일반쓰레기,서울특별시 강남구청,02-3423-5973,2020-06-30
서울특별시,강남구,삼성로,홈플러스 익스프레스 삼성2점,"정류소(버스, 택시 등)",재활용쓰레기,서울특별시 강남구청,02-3423-5973,2020-06-30
서울특별시,강남구,삼성로,강남구도시관리공단,"정류소(버스, 택시 등)",일반쓰레기,서울특별시 강남구청,02-3423-5973,2020-06-30
서울특별시,강남구,삼성로,강남구도시관리공단,"정류소(버스, 택시 등)",재활용쓰레기,서울특별시 강남구청,02-3423-5973,2020-06-30
서울특별시,강남구,삼성로,청담역6번 출구,지하철역 입구,일반쓰레기,서울특별시 강남구청,02-3423-5973,2020-06-30
서울특별시,강남구,삼성로,청담역6번 출구,지하철역 입구,재활용쓰레기,서울특별시 강남구청,02-3423-5973,2020-06-30
서울특별시,강남구,삼성로,청담역9번 출구,지하철역 입구,일반쓰레기,서울특별시 강남구청,02-3423-5973,2020-06-30
서울특별시,강남구,삼성로,청담역9번 출구,지하철역 입구,재활용쓰레기,서울특별시 강남구청,02-3423-5973,2020-06-30
서울특별시,강남구,삼성로,아베뉴 주노,"정류소(버스, 택시 등)",일반쓰레기,서울특별시 강남구청,02-3423-5973,2020-06-30
서울특별시,강남구,삼성로,아베뉴 주노,"정류소(버스, 택시 등)",재활용쓰레기,서울특별시 강남구청,02-3423-5973,2020-06-30
서울특별시,강남구,삼성로,산돈까스,도로변(횡단보도 포함),일반쓰레기,서울특별시 강남구청,02-3423-5973,2020-06-30
서울특별시,강남구,삼성로,산돈까스,도로변(횡단보도 포함),재활용쓰레기,서울특별시 강남구청,02-3423-5973,2020-06-30
서울특별시,강남구,삼성로,토담골,"정류소(버스, 택시 등)",일반쓰레기,서울특별시 강남구청,02-3423-5973,2020-06-30
서울특별시,강남구,삼성로,토담골,"정류소(버스, 택시 등)",재활용쓰레기,서울특별시 강남구청,02-3423-5973,2020-06-30
서울특별시,강남구,영동대로,중앙분리대,도로변(횡단보도 포함),일반쓰레기,서울특별시 강남구청,02-3423-5973,2020-06-30
서울특별시,강남구,영동대로,중앙분리대,도로변(횡단보도 포함),재활용쓰레기,서울특별시 강남구청,02-3423-5973,2020-06-30
서울특별시,강남구,영동대로,리버뷰오피스텔,"정류소(버스, 택시 등)",일반쓰레기,서울특별시 강남구청,02-3423-5973,2020-06-30
서울특별시,강남구,영동대로,리버뷰오피스텔,"정류소(버스, 택시 등)",재활용쓰레기,서울특별시 강남구청,02-3423-5973,2020-06-30
서울특별시,강남구,영동대로,중앙분리대,도로변(횡단보도 포함),일반쓰레기,서울특별시 강남구청,02-3423-5973,2020-06-30
서울특별시,강남구,영동대로,중앙분리대,도로변(횡단보도 포함),재활용쓰레기,서울특별시 강남구청,02-3423-5973,2020-06-30
서울특별시,강남구,영동대로,대신증권 청담WM센터,"정류소(버스, 택시 등)",일반쓰레기,서울특별시 강남구청,02-3423-5973,2020-06-30
서울특별시,강남구,영동대로,대신증권 청담WM센터,"정류소(버스, 택시 등)",재활용쓰레기,서울특별시 강남구청,02-3423-5973,2020-06-30
서울특별시,강남구,영동대로,청담역13번 출구,지하철역 입구,일반쓰레기,서울특별시 강남구청,02-3423-5973,2020-06-30
서울특별시,강남구,영동대로,청담역13번 출구,지하철역 입구,재활용쓰레기,서울특별시 강남구청,02-3423-5973,2020-06-30
서울특별시,강남구,영동대로,중앙분리대,도로변(횡단보도 포함),일반쓰레기,서울특별시 강남구청,02-3423-5973,2020-06-30
서울특별시,강남구,영동대로,중앙분리대,도로변(횡단보도 포함),재활용쓰레기,서울특별시 강남구청,02-3423-5973,2020-06-30
서울특별시,강남구,영동대로,청담역2번출구,지하철역 입구,일반쓰레기,서울특별시 강남구청,02-3423-5973,2020-06-30
서울특별시,강남구,영동대로,청담역2번출구,지하철역 입구,재활용쓰레기,서울특별시 강남구청,02-3423-5973,2020-06-30
서울특별시,강남구,영동대로,중앙분리대,도로변(횡단보도 포함),일반쓰레기,서울특별시 강남구청,02-3423-5973,2020-06-30
서울특별시,강남구,영동대로,중앙분리대,도로변(횡단보도 포함),재활용쓰레기,서울특별시 강남구청,02-3423-5973,2020-06-30
서울특별시,강남구,영동대로,동남철물,"정류소(버스, 택시 등)",일반쓰레기,서울특별시 강남구청,02-3423-5973,2020-06-30
서울특별시,강남구,영동대로,동남철물,"정류소(버스, 택시 등)",재활용쓰레기,서울특별시 강남구청,02-3423-5973,2020-06-30
서울특별시,강남구,영동대로,중앙분리대,도로변(횡단보도 포함),일반쓰레기,서울특별시 강남구청,02-3423-5973,2020-06-30
서울특별시,강남구,영동대로,중앙분리대,도로변(횡단보도 포함),재활용쓰레기,서울특별시 강남구청,02-3423-5973,2020-06-30
서울특별시,강남구,영동대로,중앙분리대,도로변(횡단보도 포함),일반쓰레기,서울특별시 강남구청,02-3423-5973,2020-06-30
서울특별시,강남구,영동대로,중앙분리대,도로변(횡단보도 포함),재활용쓰레기,서울특별시 강남구청,02-3423-5973,2020-06-30
서울특별시,강남구,영동대로,무역센터 위 (공항버스정류장 인근),"정류소(버스, 택시 등)",일반쓰레기,서울특별시 강남구청,02-3423-5973,2020-06-30
서울특별시,강남구,영동대로,무역센터 위 (공항버스정류장 인근),"정류소(버스, 택시 등)",재활용쓰레기,서울특별시 강남구청,02-3423-5973,2020-06-30
서울특별시,강남구,영동대로,무역센터 위 (공항버스정류장 인근),"정류소(버스, 택시 등)",일반쓰레기,서울특별시 강남구청,02-3423-5973,2020-06-30
서울특별시,강남구,영동대로,무역센터 위 (공항버스정류장 인근),"정류소(버스, 택시 등)",재활용쓰레기,서울특별시 강남구청,02-3423-5973,2020-06-30
서울특별시,강남구,영동대로,무역센터,도로변(횡단보도 포함),일반쓰레기,서울특별시 강남구청,02-3423-5973,2020-06-30
서울특별시,강남구,영동대로,무역센터,도로변(횡단보도 포함),재활용쓰레기,서울특별시 강남구청,02-3423-5973,2020-06-30
서울특별시,강남구,영동대로,중앙분리대,도로변(횡단보도 포함),일반쓰레기,서울특별시 강남구청,02-3423-5973,2020-06-30
서울특별시,강남구,영동대로,중앙분리대,도로변(횡단보도 포함),재활용쓰레기,서울특별시 강남구청,02-3423-5973,2020-06-30
서울특별시,강남구,영동대로,인터콘티넨탈호텔,"정류소(버스, 택시 등)",일반쓰레기,서울특별시 강남구청,02-3423-5973,2020-06-30
서울특별시,강남구,영동대로,인터콘티넨탈호텔,"정류소(버스, 택시 등)",재활용쓰레기,서울특별시 강남구청,02-3423-5973,2020-06-30
서울특별시,강남구,영동대로,삼성역6번 출구,지하철역 입구,일반쓰레기,서울특별시 강남구청,02-3423-5973,2020-06-30
서울특별시,강남구,영동대로,삼성역6번 출구,지하철역 입구,재활용쓰레기,서울특별시 강남구청,02-3423-5973,2020-06-30
서울특별시,강남구,영동대로,삼성역7번 출구,지하철역 입구,일반쓰레기,서울특별시 강남구청,02-3423-5973,2020-06-30
서울특별시,강남구,영동대로,삼성역7번 출구,지하철역 입구,재활용쓰레기,서울특별시 강남구청,02-3423-5973,2020-06-30
서울특별시,강남구,영동대로,한국산업은행 강남지점,"정류소(버스, 택시 등)",일반쓰레기,서울특별시 강남구청,02-3423-5973,2020-06-30
서울특별시,강남구,영동대로,한국산업은행 강남지점,"정류소(버스, 택시 등)",재활용쓰레기,서울특별시 강남구청,02-3423-5973,2020-06-30
서울특별시,강남구,영동대로,한전앞,도로변(횡단보도 포함),일반쓰레기,서울특별시 강남구청,02-3423-5973,2020-06-30
서울특별시,강남구,영동대로,한전앞,도로변(횡단보도 포함),재활용쓰레기,서울특별시 강남구청,02-3423-5973,2020-06-30
서울특별시,강남구,영동대로,GM대우,"정류소(버스, 택시 등)",일반쓰레기,서울특별시 강남구청,02-3423-5973,2020-06-30
서울특별시,강남구,영동대로,GM대우,"정류소(버스, 택시 등)",재활용쓰레기,서울특별시 강남구청,02-3423-5973,2020-06-30
서울특별시,강남구,영동대로,청담역1번출구,지하철역 입구,일반쓰레기,서울특별시 강남구청,02-3423-5973,2020-06-30
서울특별시,강남구,영동대로,청담역1번출구,지하철역 입구,재활용쓰레기,서울특별시 강남구청,02-3423-5973,2020-06-30
서울특별시,강남구,영동대로,청담역14번 출구,지하철역 입구,일반쓰레기,서울특별시 강남구청,02-3423-5973,2020-06-30
서울특별시,강남구,영동대로,청담역14번 출구,지하철역 입구,재활용쓰레기,서울특별시 강남구청,02-3423-5973,2020-06-30
서울특별시,강남구,영동대로,우리은행 청담동금융센터,"정류소(버스, 택시 등)",일반쓰레기,서울특별시 강남구청,02-3423-5973,2020-06-30
서울특별시,강남구,영동대로,우리은행 청담동금융센터,"정류소(버스, 택시 등)",재활용쓰레기,서울특별시 강남구청,02-3423-5973,2020-06-30
서울특별시,강남구,영동대로,국민은행 청담영동지점,도로변(횡단보도 포함),일반쓰레기,서울특별시 강남구청,02-3423-5973,2020-06-30
서울특별시,강남구,영동대로,국민은행 청담영동지점,도로변(횡단보도 포함),재활용쓰레기,서울특별시 강남구청,02-3423-5973,2020-06-30
서울특별시,강남구,영동대로,영동낙지(제일정형외과),"정류소(버스, 택시 등)",일반쓰레기,서울특별시 강남구청,02-3423-5973,2020-06-30
서울특별시,강남구,영동대로,영동낙지(제일정형외과),"정류소(버스, 택시 등)",재활용쓰레기,서울특별시 강남구청,02-3423-5973,2020-06-30
서울특별시,강남구,아셈길,미켈란(삼성동 147-2),도로변(횡단보도 포함),일반쓰레기,서울특별시 강남구청,02-3423-5973,2020-06-30
서울특별시,강남구,아셈길,미켈란(삼성동 147-2),도로변(횡단보도 포함),재활용쓰레기,서울특별시 강남구청,02-3423-5973,2020-06-30
서울특별시,강남구,아셈길,한국촌(삼성동 153-29),도로변(횡단보도 포함),일반쓰레기,서울특별시 강남구청,02-3423-5973,2020-06-30
서울특별시,강남구,아셈길,한국촌(삼성동 153-29),도로변(횡단보도 포함),재활용쓰레기,서울특별시 강남구청,02-3423-5973,2020-06-30
서울특별시,강남구,아셈길,심스빌딩,도로변(횡단보도 포함),일반쓰레기,서울특별시 강남구청,02-3423-5973,2020-06-30
서울특별시,강남구,아셈길,심스빌딩,도로변(횡단보도 포함),재활용쓰레기,서울특별시 강남구청,02-3423-5973,2020-06-30
서울특별시,강남구,아셈길,K타워(삼성동 158-23),도로변(횡단보도 포함),일반쓰레기,서울특별시 강남구청,02-3423-5973,2020-06-30
서울특별시,강남구,아셈길,K타워(삼성동 158-23),도로변(횡단보도 포함),재활용쓰레기,서울특별시 강남구청,02-3423-5973,2020-06-30
서울특별시,강남구,아셈길,세븐럭카지노,도로변(횡단보도 포함),일반쓰레기,서울특별시 강남구청,02-3423-5973,2020-06-30
서울특별시,강남구,아셈길,세븐럭카지노,도로변(횡단보도 포함),재활용쓰레기,서울특별시 강남구청,02-3423-5973,2020-06-30
서울특별시,강남구,무동도길(봉은사로114길~테헤란로113길),서울의료원,"정류소(버스, 택시 등)",일반쓰레기,서울특별시 강남구청,02-3423-5973,2020-06-30
서울특별시,강남구,무동도길(봉은사로114길~테헤란로113길),서울의료원,"정류소(버스, 택시 등)",재활용쓰레기,서울특별시 강남구청,02-3423-5973,2020-06-30
서울특별시,강남구,무동도길(봉은사로114길~테헤란로113길),서울의료원,도로변(횡단보도 포함),일반쓰레기,서울특별시 강남구청,02-3423-5973,2020-06-30
서울특별시,강남구,무동도길(봉은사로114길~테헤란로113길),서울의료원,도로변(횡단보도 포함),재활용쓰레기,서울특별시 강남구청,02-3423-5973,2020-06-30
서울특별시,강남구,무동도길(봉은사로114길~테헤란로113길),현대오트론,도로변(횡단보도 포함),일반쓰레기,서울특별시 강남구청,02-3423-5973,2020-06-30
서울특별시,강남구,무동도길(봉은사로114길~테헤란로113길),현대오트론,도로변(횡단보도 포함),재활용쓰레기,서울특별시 강남구청,02-3423-5973,2020-06-30
서울특별시,강남구,강남대로,"양재역 3,4번출구사이",도로변(횡단보도 포함), 일반쓰레기,서울특별시 강남구청,02-3423-5973,2020-06-30
서울특별시,강남구,강남대로,"양재역 3,4번출구사이",도로변(횡단보도 포함), 재활용쓰레기,서울특별시 강남구청,02-3423-5973,2020-06-30
서울특별시,강남구,강남대로,도곡동 949-3,도로변(횡단보도 포함), 일반쓰레기,서울특별시 강남구청,02-3423-5973,2020-06-30
서울특별시,강남구,강남대로,도곡동 949-3,도로변(횡단보도 포함), 재활용쓰레기,서울특별시 강남구청,02-3423-5973,2020-06-30
서울특별시,강남구,강남대로,역삼동 837,도로변(횡단보도 포함), 일반쓰레기,서울특별시 강남구청,02-3423-5973,2020-06-30
서울특별시,강남구,강남대로,역삼동 837,도로변(횡단보도 포함), 재활용쓰레기,서울특별시 강남구청,02-3423-5973,2020-06-30
서울특별시,강남구,강남대로,역삼동 826-22,"정류소(버스, 택시 등)", 일반쓰레기,서울특별시 강남구청,02-3423-5973,2020-06-30
서울특별시,강남구,강남대로,역삼동 826-22,"정류소(버스, 택시 등)", 재활용쓰레기,서울특별시 강남구청,02-3423-5973,2020-06-30
서울특별시,강남구,강남대로,역삼동 826-20,도로변(횡단보도 포함), 일반쓰레기,서울특별시 강남구청,02-3423-5973,2020-06-30
서울특별시,강남구,강남대로,역삼동 826-20,도로변(횡단보도 포함), 재활용쓰레기,서울특별시 강남구청,02-3423-5973,2020-06-30
서울특별시,강남구,강남대로,강남역 2번출구 앞,지하철역 입구, 일반쓰레기,서울특별시 강남구청,02-3423-5973,2020-06-30
서울특별시,강남구,강남대로,강남역 2번출구 앞,지하철역 입구, 재활용쓰레기,서울특별시 강남구청,02-3423-5973,2020-06-30
서울특별시,강남구,테헤란로,강남역 1번출구 앞,지하철역 입구, 일반쓰레기,서울특별시 강남구청,02-3423-5973,2020-06-30
서울특별시,강남구,테헤란로,강남역 1번출구 앞,지하철역 입구, 재활용쓰레기,서울특별시 강남구청,02-3423-5973,2020-06-30
서울특별시,강남구,테헤란로,역삼동 캠브리지빌딩 앞,"정류소(버스, 택시 등)", 일반쓰레기,서울특별시 강남구청,02-3423-5973,2020-06-30
서울특별시,강남구,테헤란로,역삼동 캠브리지빌딩 앞,"정류소(버스, 택시 등)", 재활용쓰레기,서울특별시 강남구청,02-3423-5973,2020-06-30
서울특별시,강남구,테헤란로,역삼동 735,"정류소(버스, 택시 등)", 일반쓰레기,서울특별시 강남구청,02-3423-5973,2020-06-30
서울특별시,강남구,테헤란로,역삼동 735,"정류소(버스, 택시 등)", 재활용쓰레기,서울특별시 강남구청,02-3423-5973,2020-06-30
서울특별시,강남구,테헤란로,역삼역 3번출구 앞,지하철역 입구, 일반쓰레기,서울특별시 강남구청,02-3423-5973,2020-06-30
서울특별시,강남구,테헤란로,역삼역 3번출구 앞,지하철역 입구, 재활용쓰레기,서울특별시 강남구청,02-3423-5973,2020-06-30
서울특별시,강남구,테헤란로,역삼동 718-2,"정류소(버스, 택시 등)", 일반쓰레기,서울특별시 강남구청,02-3423-5973,2020-06-30
서울특별시,강남구,테헤란로,역삼동 718-2,"정류소(버스, 택시 등)", 재활용쓰레기,서울특별시 강남구청,02-3423-5973,2020-06-30
서울특별시,강남구,테헤란로,역삼동 706-1,"정류소(버스, 택시 등)", 일반쓰레기,서울특별시 강남구청,02-3423-5973,2020-06-30
서울특별시,강남구,테헤란로,역삼동 706-1,"정류소(버스, 택시 등)", 재활용쓰레기,서울특별시 강남구청,02-3423-5973,2020-06-30
서울특별시,강남구,테헤란로,역삼동 선릉역 4번출구 앞,"정류소(버스, 택시 등)", 일반쓰레기,서울특별시 강남구청,02-3423-5973,2020-06-30
서울특별시,강남구,테헤란로,역삼동 선릉역 4번출구 앞,"정류소(버스, 택시 등)", 재활용쓰레기,서울특별시 강남구청,02-3423-5973,2020-06-30
서울특별시,강남구,테헤란로,대치동 선릉역 1번출구 방면,"정류소(버스, 택시 등)", 일반쓰레기,서울특별시 강남구청,02-3423-5973,2020-06-30
서울특별시,강남구,테헤란로,대치동 선릉역 1번출구 방면,"정류소(버스, 택시 등)", 재활용쓰레기,서울특별시 강남구청,02-3423-5973,2020-06-30
서울특별시,강남구,테헤란로,대치동 890-6,도로변(횡단보도 포함), 일반쓰레기,서울특별시 강남구청,02-3423-5973,2020-06-30
서울특별시,강남구,테헤란로,대치동 890-6,도로변(횡단보도 포함), 재활용쓰레기,서울특별시 강남구청,02-3423-5973,2020-06-30
서울특별시,강남구,테헤란로,대치동944-1,도로변(횡단보도 포함), 일반쓰레기,서울특별시 강남구청,02-3423-5973,2020-06-30
서울특별시,강남구,테헤란로,대치동944-1,도로변(횡단보도 포함), 재활용쓰레기,서울특별시 강남구청,02-3423-5973,2020-06-30
서울특별시,강남구,테헤란로,대치동945-2,"정류소(버스, 택시 등)", 일반쓰레기,서울특별시 강남구청,02-3423-5973,2020-06-30
서울특별시,강남구,테헤란로,대치동945-2,"정류소(버스, 택시 등)", 재활용쓰레기,서울특별시 강남구청,02-3423-5973,2020-06-30
서울특별시,강남구,테헤란로,대치동 997-4,도로변(횡단보도 포함), 일반쓰레기,서울특별시 강남구청,02-3423-5973,2020-06-30
서울특별시,강남구,테헤란로,대치동 997-4,도로변(횡단보도 포함), 재활용쓰레기,서울특별시 강남구청,02-3423-5973,2020-06-30
서울특별시,강남구,테헤란로,대치동 998,"정류소(버스, 택시 등)", 일반쓰레기,서울특별시 강남구청,02-3423-5973,2020-06-30
서울특별시,강남구,테헤란로,대치동 998,"정류소(버스, 택시 등)", 재활용쓰레기,서울특별시 강남구청,02-3423-5973,2020-06-30
서울특별시,강남구,테헤란로,삼성역 1번출구앞,도로변(횡단보도 포함), 일반쓰레기,서울특별시 강남구청,02-3423-5973,2020-06-30
서울특별시,강남구,테헤란로,삼성역 1번출구앞,도로변(횡단보도 포함), 재활용쓰레기,서울특별시 강남구청,02-3423-5973,2020-06-30
서울특별시,강남구,테헤란로,432 DB금융센터빌딩,"정류소(버스, 택시 등)", 일반쓰레기,서울특별시 강남구청,02-3423-5973,2020-06-30
서울특별시,강남구,테헤란로,432 DB금융센터빌딩,"정류소(버스, 택시 등)", 재활용쓰레기,서울특별시 강남구청,02-3423-5973,2020-06-30
서울특별시,강남구,테헤란로,대치동 892 포스코빌딩,"정류소(버스, 택시 등)", 일반쓰레기,서울특별시 강남구청,02-3423-5973,2020-06-30
서울특별시,강남구,테헤란로,대치동 892 포스코빌딩,"정류소(버스, 택시 등)", 재활용쓰레기,서울특별시 강남구청,02-3423-5973,2020-06-30
서울특별시,강남구,테헤란로,대치동 892 포스코빌딩,도로변(횡단보도 포함), 일반쓰레기,서울특별시 강남구청,02-3423-5973,2020-06-30
서울특별시,강남구,테헤란로,대치동 892 포스코빌딩,도로변(횡단보도 포함), 재활용쓰레기,서울특별시 강남구청,02-3423-5973,2020-06-30
서울특별시,강남구,테헤란로,504 해성1빌딩,"정류소(버스, 택시 등)", 일반쓰레기,서울특별시 강남구청,02-3423-5973,2020-06-30
서울특별시,강남구,테헤란로,504 해성1빌딩,"정류소(버스, 택시 등)", 재활용쓰레기,서울특별시 강남구청,02-3423-5973,2020-06-30
서울특별시,강남구,테헤란로,510 루첸타워,도로변(횡단보도 포함), 일반쓰레기,서울특별시 강남구청,02-3423-5973,2020-06-30
서울특별시,강남구,테헤란로,510 루첸타워,도로변(횡단보도 포함), 재활용쓰레기,서울특별시 강남구청,02-3423-5973,2020-06-30
서울특별시,강남구,테헤란로,518 섬유센터빌딩,도로변(횡단보도 포함), 일반쓰레기,서울특별시 강남구청,02-3423-5973,2020-06-30
서울특별시,강남구,테헤란로,518 섬유센터빌딩,도로변(횡단보도 포함), 재활용쓰레기,서울특별시 강남구청,02-3423-5973,2020-06-30
서울특별시,강남구,역삼로,대치동 961,도로변(횡단보도 포함), 일반쓰레기,서울특별시 강남구청,02-3423-5973,2020-06-30
서울특별시,강남구,역삼로,대치동 961,도로변(횡단보도 포함), 재활용쓰레기,서울특별시 강남구청,02-3423-5973,2020-06-30
서울특별시,강남구,역삼로,대치동 966-5,"정류소(버스, 택시 등)", 일반쓰레기,서울특별시 강남구청,02-3423-5973,2020-06-30
서울특별시,강남구,역삼로,대치동 966-5,"정류소(버스, 택시 등)", 재활용쓰레기,서울특별시 강남구청,02-3423-5973,2020-06-30
서울특별시,강남구,역삼로,역삼동 개나리sk뷰아파트상가,"정류소(버스, 택시 등)", 일반쓰레기,서울특별시 강남구청,02-3423-5973,2020-06-30
서울특별시,강남구,역삼로,역삼동 개나리sk뷰아파트상가,"정류소(버스, 택시 등)", 재활용쓰레기,서울특별시 강남구청,02-3423-5973,2020-06-30
서울특별시,강남구,도곡로,대치동 986-6,도로변(횡단보도 포함), 일반쓰레기,서울특별시 강남구청,02-3423-5973,2020-06-30
서울특별시,강남구,도곡로,대치동 986-6,도로변(횡단보도 포함), 재활용쓰레기,서울특별시 강남구청,02-3423-5973,2020-06-30
서울특별시,강남구,도곡로,대치동 941-20,도로변(횡단보도 포함), 일반쓰레기,서울특별시 강남구청,02-3423-5973,2020-06-30
서울특별시,강남구,도곡로,대치동 941-20,도로변(횡단보도 포함), 재활용쓰레기,서울특별시 강남구청,02-3423-5973,2020-06-30
서울특별시,강남구,도곡로,대치동 939-21,도로변(횡단보도 포함), 일반쓰레기,서울특별시 강남구청,02-3423-5973,2020-06-30
서울특별시,강남구,도곡로,대치동 939-21,도로변(횡단보도 포함), 재활용쓰레기,서울특별시 강남구청,02-3423-5973,2020-06-30
서울특별시,강남구,도곡로,대치동 938-23,도로변(횡단보도 포함), 일반쓰레기,서울특별시 강남구청,02-3423-5973,2020-06-30
서울특별시,강남구,도곡로,대치동 938-23,도로변(횡단보도 포함), 재활용쓰레기,서울특별시 강남구청,02-3423-5973,2020-06-30
서울특별시,강남구,도곡로,대치동 1024-4,도로변(횡단보도 포함), 일반쓰레기,서울특별시 강남구청,02-3423-5973,2020-06-30
서울특별시,강남구,도곡로,대치동 1024-4,도로변(횡단보도 포함), 재활용쓰레기,서울특별시 강남구청,02-3423-5973,2020-06-30
서울특별시,강남구,도곡로,대치동 1022-1,도로변(횡단보도 포함), 일반쓰레기,서울특별시 강남구청,02-3423-5973,2020-06-30
서울특별시,강남구,도곡로,대치동 1022-1,도로변(횡단보도 포함), 재활용쓰레기,서울특별시 강남구청,02-3423-5973,2020-06-30
서울특별시,강남구,도곡로,대치동 1021-8,도로변(횡단보도 포함), 일반쓰레기,서울특별시 강남구청,02-3423-5973,2020-06-30
서울특별시,강남구,도곡로,대치동 1021-8,도로변(횡단보도 포함), 재활용쓰레기,서울특별시 강남구청,02-3423-5973,2020-06-30
서울특별시,강남구,도곡로,대치동 989-1,도로변(횡단보도 포함), 일반쓰레기,서울특별시 강남구청,02-3423-5973,2020-06-30
서울특별시,강남구,도곡로,대치동 989-1,도로변(횡단보도 포함), 재활용쓰레기,서울특별시 강남구청,02-3423-5973,2020-06-30
서울특별시,강남구,도곡로,대치동 990-1,"정류소(버스, 택시 등)", 일반쓰레기,서울특별시 강남구청,02-3423-5973,2020-06-30
서울특별시,강남구,도곡로,대치동 990-1,"정류소(버스, 택시 등)", 재활용쓰레기,서울특별시 강남구청,02-3423-5973,2020-06-30
서울특별시,강남구,도곡로,역삼동 한티역 7번출구 앞,"정류소(버스, 택시 등)", 일반쓰레기,서울특별시 강남구청,02-3423-5973,2020-06-30
서울특별시,강남구,도곡로,역삼동 한티역 7번출구 앞,"정류소(버스, 택시 등)", 재활용쓰레기,서울특별시 강남구청,02-3423-5973,2020-06-30
서울특별시,강남구,도곡로,역삼동 래미안그레이트아파트,도로변(횡단보도 포함), 일반쓰레기,서울특별시 강남구청,02-3423-5973,2020-06-30
서울특별시,강남구,도곡로,역삼동 래미안그레이트아파트,도로변(횡단보도 포함), 재활용쓰레기,서울특별시 강남구청,02-3423-5973,2020-06-30
서울특별시,강남구,도곡로,역삼동 785-15,도로변(횡단보도 포함), 일반쓰레기,서울특별시 강남구청,02-3423-5973,2020-06-30
서울특별시,강남구,도곡로,역삼동 785-15,도로변(횡단보도 포함), 재활용쓰레기,서울특별시 강남구청,02-3423-5973,2020-06-30
서울특별시,강남구,도곡로,역삼동 788-32,"정류소(버스, 택시 등)", 일반쓰레기,서울특별시 강남구청,02-3423-5973,2020-06-30
서울특별시,강남구,도곡로,역삼동 788-32,"정류소(버스, 택시 등)", 재활용쓰레기,서울특별시 강남구청,02-3423-5973,2020-06-30
서울특별시,강남구,도곡로,역삼동 799-21,"정류소(버스, 택시 등)", 일반쓰레기,서울특별시 강남구청,02-3423-5973,2020-06-30
서울특별시,강남구,도곡로,역삼동 799-21,"정류소(버스, 택시 등)", 재활용쓰레기,서울특별시 강남구청,02-3423-5973,2020-06-30
서울특별시,강남구,도곡로,역삼동 839-17,"정류소(버스, 택시 등)", 일반쓰레기,서울특별시 강남구청,02-3423-5973,2020-06-30
서울특별시,강남구,도곡로,역삼동 839-17,"정류소(버스, 택시 등)", 재활용쓰레기,서울특별시 강남구청,02-3423-5973,2020-06-30
서울특별시,강남구,도곡로,도곡동 943-2,"정류소(버스, 택시 등)", 일반쓰레기,서울특별시 강남구청,02-3423-5973,2020-06-30
서울특별시,강남구,도곡로,도곡동 943-2,"정류소(버스, 택시 등)", 재활용쓰레기,서울특별시 강남구청,02-3423-5973,2020-06-30
서울특별시,강남구,도곡로,도곡동 545-7,"정류소(버스, 택시 등)", 일반쓰레기,서울특별시 강남구청,02-3423-5973,2020-06-30
서울특별시,강남구,도곡로,도곡동 545-7,"정류소(버스, 택시 등)", 재활용쓰레기,서울특별시 강남구청,02-3423-5973,2020-06-30
서울특별시,강남구,도곡로,도곡동 543-5,"정류소(버스, 택시 등)", 일반쓰레기,서울특별시 강남구청,02-3423-5973,2020-06-30
서울특별시,강남구,도곡로,도곡동 543-5,"정류소(버스, 택시 등)", 재활용쓰레기,서울특별시 강남구청,02-3423-5973,2020-06-30
서울특별시,강남구,도곡로,도곡동 래미안그레이트아파트,"정류소(버스, 택시 등)", 일반쓰레기,서울특별시 강남구청,02-3423-5973,2020-06-30
서울특별시,강남구,도곡로,도곡동 래미안그레이트아파트,"정류소(버스, 택시 등)", 재활용쓰레기,서울특별시 강남구청,02-3423-5973,2020-06-30
서울특별시,강남구,도곡로,대치동940-3 다이소매장앞,도로변(횡단보도 포함), 일반쓰레기,서울특별시 강남구청,02-3423-5973,2020-06-30
서울특별시,강남구,도곡로,대치동940-3 다이소매장앞,도로변(횡단보도 포함), 재활용쓰레기,서울특별시 강남구청,02-3423-5973,2020-06-30
서울특별시,강남구,남부순환로,대치동 은마아파트 2동 앞,"정류소(버스, 택시 등)", 일반쓰레기,서울특별시 강남구청,02-3423-5973,2020-06-30
서울특별시,강남구,남부순환로,대치동 은마아파트 2동 앞,"정류소(버스, 택시 등)", 재활용쓰레기,서울특별시 강남구청,02-3423-5973,2020-06-30
서울특별시,강남구,남부순환로,대치동 605,"정류소(버스, 택시 등)", 일반쓰레기,서울특별시 강남구청,02-3423-5973,2020-06-30
서울특별시,강남구,남부순환로,대치동 605,"정류소(버스, 택시 등)", 재활용쓰레기,서울특별시 강남구청,02-3423-5973,2020-06-30
서울특별시,강남구,남부순환로,대치동 629,"정류소(버스, 택시 등)", 일반쓰레기,서울특별시 강남구청,02-3423-5973,2020-06-30
서울특별시,강남구,남부순환로,대치동 629,"정류소(버스, 택시 등)", 재활용쓰레기,서울특별시 강남구청,02-3423-5973,2020-06-30
서울특별시,강남구,남부순환로,대치동 651,도로변(횡단보도 포함), 일반쓰레기,서울특별시 강남구청,02-3423-5973,2020-06-30
서울특별시,강남구,남부순환로,대치동 651,도로변(횡단보도 포함), 재활용쓰레기,서울특별시 강남구청,02-3423-5973,2020-06-30
서울특별시,강남구,남부순환로,도곡동 도곡역 2번출구,지하철역 입구, 일반쓰레기,서울특별시 강남구청,02-3423-5973,2020-06-30
서울특별시,강남구,남부순환로,도곡동 도곡역 2번출구,지하철역 입구, 재활용쓰레기,서울특별시 강남구청,02-3423-5973,2020-06-30
서울특별시,강남구,남부순환로,대치동 그랑프리상가,"정류소(버스, 택시 등)", 일반쓰레기,서울특별시 강남구청,02-3423-5973,2020-06-30
서울특별시,강남구,남부순환로,대치동 그랑프리상가,"정류소(버스, 택시 등)", 재활용쓰레기,서울특별시 강남구청,02-3423-5973,2020-06-30
서울특별시,강남구,남부순환로,대치역 7번출구,"정류소(버스, 택시 등)", 일반쓰레기,서울특별시 강남구청,02-3423-5973,2020-06-30
서울특별시,강남구,남부순환로,대치역 7번출구,"정류소(버스, 택시 등)", 재활용쓰레기,서울특별시 강남구청,02-3423-5973,2020-06-30
서울특별시,강남구,남부순환로,대치동 미도아파트 201동 앞,"정류소(버스, 택시 등)", 일반쓰레기,서울특별시 강남구청,02-3423-5973,2020-06-30
서울특별시,강남구,남부순환로,대치동 미도아파트 201동 앞,"정류소(버스, 택시 등)", 재활용쓰레기,서울특별시 강남구청,02-3423-5973,2020-06-30
서울특별시,강남구,남부순환로,대치동 학여울역 1번출구 앞,지하철역 입구, 일반쓰레기,서울특별시 강남구청,02-3423-5973,2020-06-30
서울특별시,강남구,남부순환로,대치동 학여울역 1번출구 앞,지하철역 입구, 재활용쓰레기,서울특별시 강남구청,02-3423-5973,2020-06-30
서울특별시,강남구,남부순환로,도곡동 숙명여고 앞,"정류소(버스, 택시 등)", 일반쓰레기,서울특별시 강남구청,02-3423-5973,2020-06-30
서울특별시,강남구,남부순환로,도곡동 숙명여고 앞,"정류소(버스, 택시 등)", 재활용쓰레기,서울특별시 강남구청,02-3423-5973,2020-06-30
서울특별시,강남구,남부순환로,도곡동 매봉역 2번출구 앞,지하철역 입구, 일반쓰레기,서울특별시 강남구청,02-3423-5973,2020-06-30
서울특별시,강남구,남부순환로,도곡동 매봉역 2번출구 앞,지하철역 입구, 재활용쓰레기,서울특별시 강남구청,02-3423-5973,2020-06-30
서울특별시,강남구,남부순환로,도곡동 180-13,"정류소(버스, 택시 등)", 일반쓰레기,서울특별시 강남구청,02-3423-5973,2020-06-30
서울특별시,강남구,남부순환로,도곡동 180-13,"정류소(버스, 택시 등)", 재활용쓰레기,서울특별시 강남구청,02-3423-5973,2020-06-30
서울특별시,강남구,남부순환로,도곡동 411-20,"정류소(버스, 택시 등)", 일반쓰레기,서울특별시 강남구청,02-3423-5973,2020-06-30
서울특별시,강남구,남부순환로,도곡동 411-20,"정류소(버스, 택시 등)", 재활용쓰레기,서울특별시 강남구청,02-3423-5973,2020-06-30
서울특별시,강남구,남부순환로,도곡동 463,도로변(횡단보도 포함), 일반쓰레기,서울특별시 강남구청,02-3423-5973,2020-06-30
서울특별시,강남구,남부순환로,도곡동 463,도로변(횡단보도 포함), 재활용쓰레기,서울특별시 강남구청,02-3423-5973,2020-06-30
서울특별시,강남구,남부순환로,도곡동 개포한신아파트 앞,"정류소(버스, 택시 등)", 일반쓰레기,서울특별시 강남구청,02-3423-5973,2020-06-30
서울특별시,강남구,남부순환로,도곡동 개포한신아파트 앞,"정류소(버스, 택시 등)", 재활용쓰레기,서울특별시 강남구청,02-3423-5973,2020-06-30
서울특별시,강남구,남부순환로,도곡역 4번출구 앞,도로변(횡단보도 포함), 일반쓰레기,서울특별시 강남구청,02-3423-5973,2020-06-30
서울특별시,강남구,남부순환로,도곡역 4번출구 앞,도로변(횡단보도 포함), 재활용쓰레기,서울특별시 강남구청,02-3423-5973,2020-06-30
서울특별시,강남구,남부순환로,개포1.2차 우성아파트 9동앞,도로변(횡단보도 포함), 일반쓰레기,서울특별시 강남구청,02-3423-5973,2020-06-30
서울특별시,강남구,남부순환로,개포1.2차 우성아파트 9동앞,도로변(횡단보도 포함), 재활용쓰레기,서울특별시 강남구청,02-3423-5973,2020-06-30
서울특별시,강남구,영동대로,대치동 1009-5,도로변(횡단보도 포함), 일반쓰레기,서울특별시 강남구청,02-3423-5973,2020-06-30
서울특별시,강남구,영동대로,대치동 1009-5,도로변(횡단보도 포함), 재활용쓰레기,서울특별시 강남구청,02-3423-5973,2020-06-30
서울특별시,강남구,영동대로,대치동 1008-3,도로변(횡단보도 포함), 일반쓰레기,서울특별시 강남구청,02-3423-5973,2020-06-30
서울특별시,강남구,영동대로,대치동 1008-3,도로변(횡단보도 포함), 재활용쓰레기,서울특별시 강남구청,02-3423-5973,2020-06-30
서울특별시,강남구,영동대로,대치동 1007,"정류소(버스, 택시 등)", 일반쓰레기,서울특별시 강남구청,02-3423-5973,2020-06-30
서울특별시,강남구,영동대로,대치동 1007,"정류소(버스, 택시 등)", 재활용쓰레기,서울특별시 강남구청,02-3423-5973,2020-06-30
서울특별시,강남구,영동대로,대치동 1001,"정류소(버스, 택시 등)", 일반쓰레기,서울특별시 강남구청,02-3423-5973,2020-06-30
서울특별시,강남구,영동대로,대치동 1001,"정류소(버스, 택시 등)", 재활용쓰레기,서울특별시 강남구청,02-3423-5973,2020-06-30
서울특별시,강남구,영동대로,대치동 995-9,"정류소(버스, 택시 등)", 일반쓰레기,서울특별시 강남구청,02-3423-5973,2020-06-30
서울특별시,강남구,영동대로,대치동 995-9,"정류소(버스, 택시 등)", 재활용쓰레기,서울특별시 강남구청,02-3423-5973,2020-06-30
서울특별시,강남구,영동대로,대치동 946-11,"정류소(버스, 택시 등)", 일반쓰레기,서울특별시 강남구청,02-3423-5973,2020-06-30
서울특별시,강남구,영동대로,대치동 946-11,"정류소(버스, 택시 등)", 재활용쓰레기,서울특별시 강남구청,02-3423-5973,2020-06-30
서울특별시,강남구,영동대로,대치동 947-7,"정류소(버스, 택시 등)", 일반쓰레기,서울특별시 강남구청,02-3423-5973,2020-06-30
서울특별시,강남구,영동대로,대치동 947-7,"정류소(버스, 택시 등)", 재활용쓰레기,서울특별시 강남구청,02-3423-5973,2020-06-30
서울특별시,강남구,영동대로,대치동 949-11,도로변(횡단보도 포함), 일반쓰레기,서울특별시 강남구청,02-3423-5973,2020-06-30
서울특별시,강남구,영동대로,대치동 949-11,도로변(횡단보도 포함), 재활용쓰레기,서울특별시 강남구청,02-3423-5973,2020-06-30
서울특별시,강남구,영동대로,대치동 983-8,도로변(횡단보도 포함), 일반쓰레기,서울특별시 강남구청,02-3423-5973,2020-06-30
서울특별시,강남구,영동대로,대치동 983-8,도로변(횡단보도 포함), 재활용쓰레기,서울특별시 강남구청,02-3423-5973,2020-06-30
서울특별시,강남구,영동대로,대치동 984-4,"정류소(버스, 택시 등)", 일반쓰레기,서울특별시 강남구청,02-3423-5973,2020-06-30
서울특별시,강남구,영동대로,대치동 984-4,"정류소(버스, 택시 등)", 재활용쓰레기,서울특별시 강남구청,02-3423-5973,2020-06-30
서울특별시,강남구,영동대로,대치동 984-6,도로변(횡단보도 포함), 일반쓰레기,서울특별시 강남구청,02-3423-5973,2020-06-30
서울특별시,강남구,영동대로,대치동 984-6,도로변(횡단보도 포함), 재활용쓰레기,서울특별시 강남구청,02-3423-5973,2020-06-30
서울특별시,강남구,영동대로,대치동 50-8,도로변(횡단보도 포함), 일반쓰레기,서울특별시 강남구청,02-3423-5973,2020-06-30
서울특별시,강남구,영동대로,대치동 50-8,도로변(횡단보도 포함), 재활용쓰레기,서울특별시 강남구청,02-3423-5973,2020-06-30
서울특별시,강남구,영동대로,대치동 쌍용아파트,"정류소(버스, 택시 등)", 일반쓰레기,서울특별시 강남구청,02-3423-5973,2020-06-30
서울특별시,강남구,영동대로,대치동 쌍용아파트,"정류소(버스, 택시 등)", 재활용쓰레기,서울특별시 강남구청,02-3423-5973,2020-06-30
서울특별시,강남구,영동대로,대치동 우성아파트,도로변(횡단보도 포함), 일반쓰레기,서울특별시 강남구청,02-3423-5973,2020-06-30
서울특별시,강남구,영동대로,대치동 우성아파트,도로변(횡단보도 포함), 재활용쓰레기,서울특별시 강남구청,02-3423-5973,2020-06-30
서울특별시,강남구,영동대로,대치동 993-2,도로변(횡단보도 포함), 일반쓰레기,서울특별시 강남구청,02-3423-5973,2020-06-30
서울특별시,강남구,영동대로,대치동 993-2,도로변(횡단보도 포함), 재활용쓰레기,서울특별시 강남구청,02-3423-5973,2020-06-30
서울특별시,강남구,영동대로,대치동 994-16,"정류소(버스, 택시 등)", 일반쓰레기,서울특별시 강남구청,02-3423-5973,2020-06-30
서울특별시,강남구,영동대로,대치동 994-16,"정류소(버스, 택시 등)", 재활용쓰레기,서울특별시 강남구청,02-3423-5973,2020-06-30
서울특별시,강남구,영동대로,대치동 은마아파트 정상어학원 앞,도로변(횡단보도 포함), 일반쓰레기,서울특별시 강남구청,02-3423-5973,2020-06-30
서울특별시,강남구,영동대로,대치동 은마아파트 정상어학원 앞,도로변(횡단보도 포함), 재활용쓰레기,서울특별시 강남구청,02-3423-5973,2020-06-30
서울특별시,강남구,영동대로,대치동 은마아파트 강남나무병원 앞,도로변(횡단보도 포함), 일반쓰레기,서울특별시 강남구청,02-3423-5973,2020-06-30
서울특별시,강남구,영동대로,대치동 은마아파트 강남나무병원 앞,도로변(횡단보도 포함), 재활용쓰레기,서울특별시 강남구청,02-3423-5973,2020-06-30
서울특별시,강남구,영동대로,대치동 994-8,도로변(횡단보도 포함), 일반쓰레기,서울특별시 강남구청,02-3423-5973,2020-06-30
서울특별시,강남구,영동대로,대치동 994-8,도로변(횡단보도 포함), 재활용쓰레기,서울특별시 강남구청,02-3423-5973,2020-06-30
서울특별시,강남구,영동대로,대치동 994-10 스타벅스 앞,도로변(횡단보도 포함), 일반쓰레기,서울특별시 강남구청,02-3423-5973,2020-06-30
서울특별시,강남구,영동대로,대치동 994-10 스타벅스 앞,도로변(횡단보도 포함), 재활용쓰레기,서울특별시 강남구청,02-3423-5973,2020-06-30
서울특별시,강남구,영동대로,은마아파트 1동앞,도로변(횡단보도 포함), 일반쓰레기,서울특별시 강남구청,02-3423-5973,2020-06-30
서울특별시,강남구,영동대로,은마아파트 1동앞,도로변(횡단보도 포함), 재활용쓰레기,서울특별시 강남구청,02-3423-5973,2020-06-30
서울특별시,강남구,삼성로,대치동 은마아파트 상가앞,"정류소(버스, 택시 등)", 일반쓰레기,서울특별시 강남구청,02-3423-5973,2020-06-30
서울특별시,강남구,삼성로,대치동 은마아파트 상가앞,"정류소(버스, 택시 등)", 재활용쓰레기,서울특별시 강남구청,02-3423-5973,2020-06-30
서울특별시,강남구,삼성로,대치동 1020,"정류소(버스, 택시 등)", 일반쓰레기,서울특별시 강남구청,02-3423-5973,2020-06-30
서울특별시,강남구,삼성로,대치동 1020,"정류소(버스, 택시 등)", 재활용쓰레기,서울특별시 강남구청,02-3423-5973,2020-06-30
서울특별시,강남구,삼성로,대치동 988-14,도로변(횡단보도 포함), 일반쓰레기,서울특별시 강남구청,02-3423-5973,2020-06-30
서울특별시,강남구,삼성로,대치동 988-14,도로변(횡단보도 포함), 재활용쓰레기,서울특별시 강남구청,02-3423-5973,2020-06-30
서울특별시,강남구,삼성로,대치동 974-1,"정류소(버스, 택시 등)", 일반쓰레기,서울특별시 강남구청,02-3423-5973,2020-06-30
서울특별시,강남구,삼성로,대치동 974-1,"정류소(버스, 택시 등)", 재활용쓰레기,서울특별시 강남구청,02-3423-5973,2020-06-30
서울특별시,강남구,삼성로,대치동 962-21,도로변(횡단보도 포함), 일반쓰레기,서울특별시 강남구청,02-3423-5973,2020-06-30
서울특별시,강남구,삼성로,대치동 962-21,도로변(횡단보도 포함), 재활용쓰레기,서울특별시 강남구청,02-3423-5973,2020-06-30
서울특별시,강남구,삼성로,대치동 960-4,"정류소(버스, 택시 등)", 일반쓰레기,서울특별시 강남구청,02-3423-5973,2020-06-30
서울특별시,강남구,삼성로,대치동 960-4,"정류소(버스, 택시 등)", 재활용쓰레기,서울특별시 강남구청,02-3423-5973,2020-06-30
서울특별시,강남구,삼성로,대치동 957-13,도로변(횡단보도 포함), 일반쓰레기,서울특별시 강남구청,02-3423-5973,2020-06-30
서울특별시,강남구,삼성로,대치동 957-13,도로변(횡단보도 포함), 재활용쓰레기,서울특별시 강남구청,02-3423-5973,2020-06-30
서울특별시,강남구,삼성로,대치동 903-29,"정류소(버스, 택시 등)", 일반쓰레기,서울특별시 강남구청,02-3423-5973,2020-06-30
서울특별시,강남구,삼성로,대치동 903-29,"정류소(버스, 택시 등)", 재활용쓰레기,서울특별시 강남구청,02-3423-5973,2020-06-30
서울특별시,강남구,삼성로,대치동 913-16,도로변(횡단보도 포함), 일반쓰레기,서울특별시 강남구청,02-3423-5973,2020-06-30
서울특별시,강남구,삼성로,대치동 913-16,도로변(횡단보도 포함), 재활용쓰레기,서울특별시 강남구청,02-3423-5973,2020-06-30
서울특별시,강남구,삼성로,대치동 1019-14,"정류소(버스, 택시 등)", 일반쓰레기,서울특별시 강남구청,02-3423-5973,2020-06-30
서울특별시,강남구,삼성로,대치동 1019-14,"정류소(버스, 택시 등)", 재활용쓰레기,서울특별시 강남구청,02-3423-5973,2020-06-30
서울특별시,강남구,삼성로,대치동 한티근린공원,"정류소(버스, 택시 등)", 일반쓰레기,서울특별시 강남구청,02-3423-5973,2020-06-30
서울특별시,강남구,삼성로,대치동 한티근린공원,"정류소(버스, 택시 등)", 재활용쓰레기,서울특별시 강남구청,02-3423-5973,2020-06-30
서울특별시,강남구,삼성로,대치동 한티근린공원,도로변(횡단보도 포함), 일반쓰레기,서울특별시 강남구청,02-3423-5973,2020-06-30
서울특별시,강남구,삼성로,대치동 한티근린공원,도로변(횡단보도 포함), 재활용쓰레기,서울특별시 강남구청,02-3423-5973,2020-06-30
서울특별시,강남구,선릉로,대치동 897,도로변(횡단보도 포함), 일반쓰레기,서울특별시 강남구청,02-3423-5973,2020-06-30
서울특별시,강남구,선릉로,대치동 897,도로변(횡단보도 포함), 재활용쓰레기,서울특별시 강남구청,02-3423-5973,2020-06-30
서울특별시,강남구,선릉로,대치동 889-33,도로변(횡단보도 포함), 일반쓰레기,서울특별시 강남구청,02-3423-5973,2020-06-30
서울특별시,강남구,선릉로,대치동 889-33,도로변(횡단보도 포함), 재활용쓰레기,서울특별시 강남구청,02-3423-5973,2020-06-30
서울특별시,강남구,선릉로,진선여고사거리,"정류소(버스, 택시 등)", 일반쓰레기,서울특별시 강남구청,02-3423-5973,2020-06-30
서울특별시,강남구,선릉로,진선여고사거리,"정류소(버스, 택시 등)", 재활용쓰레기,서울특별시 강남구청,02-3423-5973,2020-06-30
서울특별시,강남구,선릉로,역삼동 대림e편한세상,"정류소(버스, 택시 등)", 일반쓰레기,서울특별시 강남구청,02-3423-5973,2020-06-30
서울특별시,강남구,선릉로,역삼동 대림e편한세상,"정류소(버스, 택시 등)", 재활용쓰레기,서울특별시 강남구청,02-3423-5973,2020-06-30
서울특별시,강남구,선릉로,도곡동 106-1,도로변(횡단보도 포함), 일반쓰레기,서울특별시 강남구청,02-3423-5973,2020-06-30
서울특별시,강남구,선릉로,도곡동 106-1,도로변(횡단보도 포함), 재활용쓰레기,서울특별시 강남구청,02-3423-5973,2020-06-30
서울특별시,강남구,선릉로,도곡동 91,"정류소(버스, 택시 등)", 일반쓰레기,서울특별시 강남구청,02-3423-5973,2020-06-30
서울특별시,강남구,선릉로,도곡동 91,"정류소(버스, 택시 등)", 재활용쓰레기,서울특별시 강남구청,02-3423-5973,2020-06-30
서울특별시,강남구,선릉로,206 대치동부센트레빌 101동 앞,"정류소(버스, 택시 등)", 일반쓰레기,서울특별시 강남구청,02-3423-5973,2020-06-30
서울특별시,강남구,선릉로,206 대치동부센트레빌 101동 앞,"정류소(버스, 택시 등)", 재활용쓰레기,서울특별시 강남구청,02-3423-5973,2020-06-30
서울특별시,강남구,언주로,역삼동 래미안그레이트아파트,"정류소(버스, 택시 등)", 일반쓰레기,서울특별시 강남구청,02-3423-5973,2020-06-30
서울특별시,강남구,언주로,역삼동 래미안그레이트아파트,"정류소(버스, 택시 등)", 재활용쓰레기,서울특별시 강남구청,02-3423-5973,2020-06-30
서울특별시,강남구,언주로,대림역삼아파트 앞,"정류소(버스, 택시 등)", 일반쓰레기,서울특별시 강남구청,02-3423-5973,2020-06-30
서울특별시,강남구,언주로,대림역삼아파트 앞,"정류소(버스, 택시 등)", 재활용쓰레기,서울특별시 강남구청,02-3423-5973,2020-06-30
서울특별시,강남구,언주로,역삼동 래미안개나리 103동 앞,도로변(횡단보도 포함), 일반쓰레기,서울특별시 강남구청,02-3423-5973,2020-06-30
서울특별시,강남구,언주로,역삼동 래미안개나리 103동 앞,도로변(횡단보도 포함), 재활용쓰레기,서울특별시 강남구청,02-3423-5973,2020-06-30
서울특별시,강남구,언주로,역삼동 역삼자이아파트103동 앞,"정류소(버스, 택시 등)", 일반쓰레기,서울특별시 강남구청,02-3423-5973,2020-06-30
서울특별시,강남구,언주로,역삼동 역삼자이아파트103동 앞,"정류소(버스, 택시 등)", 재활용쓰레기,서울특별시 강남구청,02-3423-5973,2020-06-30
서울특별시,강남구,언주로,역삼동 도곡지구대,도로변(횡단보도 포함), 일반쓰레기,서울특별시 강남구청,02-3423-5973,2020-06-30
서울특별시,강남구,언주로,역삼동 도곡지구대,도로변(횡단보도 포함), 재활용쓰레기,서울특별시 강남구청,02-3423-5973,2020-06-30
서울특별시,강남구,논현로,역삼동 734-17,도로변(횡단보도 포함), 일반쓰레기,서울특별시 강남구청,02-3423-5973,2020-06-30
서울특별시,강남구,논현로,역삼동 734-17,도로변(횡단보도 포함), 재활용쓰레기,서울특별시 강남구청,02-3423-5973,2020-06-30
서울특별시,강남구,논현로,역삼동 역삼역 1번출구,도로변(횡단보도 포함), 일반쓰레기,서울특별시 강남구청,02-3423-5973,2020-06-30
서울특별시,강남구,논현로,역삼동 역삼역 1번출구,도로변(횡단보도 포함), 재활용쓰레기,서울특별시 강남구청,02-3423-5973,2020-06-30
서울특별시,강남구,개포로,일원동 712-1,"정류소(버스, 택시 등)", 일반쓰레기,서울특별시 강남구청,02-3423-5973,2020-06-30
서울특별시,강남구,개포로,일원동 712-1,"정류소(버스, 택시 등)", 재활용쓰레기,서울특별시 강남구청,02-3423-5973,2020-06-30
서울특별시,강남구,개포로,일원동 643-5,도로변(횡단보도 포함), 일반쓰레기,서울특별시 강남구청,02-3423-5973,2020-06-30
서울특별시,강남구,개포로,일원동 643-5,도로변(횡단보도 포함), 재활용쓰레기,서울특별시 강남구청,02-3423-5973,2020-06-30
서울특별시,강남구,개포로,대청역 3번출구 앞,도로변(횡단보도 포함), 일반쓰레기,서울특별시 강남구청,02-3423-5973,2020-06-30
서울특별시,강남구,개포로,대청역 3번출구 앞,도로변(횡단보도 포함), 재활용쓰레기,서울특별시 강남구청,02-3423-5973,2020-06-30
서울특별시,강남구,개포로,대청역 6번출구 앞,도로변(횡단보도 포함), 일반쓰레기,서울특별시 강남구청,02-3423-5973,2020-06-30
서울특별시,강남구,개포로,대청역 6번출구 앞,도로변(횡단보도 포함), 재활용쓰레기,서울특별시 강남구청,02-3423-5973,2020-06-30
서울특별시,강남구,개포로,개포동 183,"정류소(버스, 택시 등)", 일반쓰레기,서울특별시 강남구청,02-3423-5973,2020-06-30
서울특별시,강남구,개포로,개포동 183,"정류소(버스, 택시 등)", 재활용쓰레기,서울특별시 강남구청,02-3423-5973,2020-06-30
서울특별시,강남구,개포로,개포동 개포주공 6단지,"정류소(버스, 택시 등)", 일반쓰레기,서울특별시 강남구청,02-3423-5973,2020-06-30
서울특별시,강남구,개포로,개포동 개포주공 6단지,"정류소(버스, 택시 등)", 재활용쓰레기,서울특별시 강남구청,02-3423-5973,2020-06-30
서울특별시,강남구,개포로,개포동 182-1,"정류소(버스, 택시 등)", 일반쓰레기,서울특별시 강남구청,02-3423-5973,2020-06-30
서울특별시,강남구,개포로,개포동 182-1,"정류소(버스, 택시 등)", 재활용쓰레기,서울특별시 강남구청,02-3423-5973,2020-06-30
서울특별시,강남구,개포로,개포동 186,도로변(횡단보도 포함), 일반쓰레기,서울특별시 강남구청,02-3423-5973,2020-06-30
서울특별시,강남구,개포로,개포동 186,도로변(횡단보도 포함), 재활용쓰레기,서울특별시 강남구청,02-3423-5973,2020-06-30
서울특별시,강남구,개포로,개포동역 1번출구,"정류소(버스, 택시 등)", 일반쓰레기,서울특별시 강남구청,02-3423-5973,2020-06-30
서울특별시,강남구,개포로,개포동역 1번출구,"정류소(버스, 택시 등)", 재활용쓰레기,서울특별시 강남구청,02-3423-5973,2020-06-30
서울특별시,강남구,개포로,개포동 개포주공 1단지,도로변(횡단보도 포함), 일반쓰레기,서울특별시 강남구청,02-3423-5973,2020-06-30
서울특별시,강남구,개포로,개포동 개포주공 1단지,도로변(횡단보도 포함), 재활용쓰레기,서울특별시 강남구청,02-3423-5973,2020-06-30
서울특별시,강남구,개포로,개포동 655-3,도로변(횡단보도 포함), 일반쓰레기,서울특별시 강남구청,02-3423-5973,2020-06-30
서울특별시,강남구,개포로,개포동 655-3,도로변(횡단보도 포함), 재활용쓰레기,서울특별시 강남구청,02-3423-5973,2020-06-30
서울특별시,강남구,개포로,개포동 달터공원,"정류소(버스, 택시 등)", 일반쓰레기,서울특별시 강남구청,02-3423-5973,2020-06-30
서울특별시,강남구,개포로,개포동 달터공원,"정류소(버스, 택시 등)", 재활용쓰레기,서울특별시 강남구청,02-3423-5973,2020-06-30
서울특별시,강남구,개포로,개포동 개포지구대,도로변(횡단보도 포함), 일반쓰레기,서울특별시 강남구청,02-3423-5973,2020-06-30
서울특별시,강남구,개포로,개포동 개포지구대,도로변(횡단보도 포함), 재활용쓰레기,서울특별시 강남구청,02-3423-5973,2020-06-30
서울특별시,강남구,개포로,개포동 1231-1,"정류소(버스, 택시 등)", 일반쓰레기,서울특별시 강남구청,02-3423-5973,2020-06-30
서울특별시,강남구,개포로,개포동 1231-1,"정류소(버스, 택시 등)", 재활용쓰레기,서울특별시 강남구청,02-3423-5973,2020-06-30
서울특별시,강남구,개포로,개포동 그린공원,도로변(횡단보도 포함), 일반쓰레기,서울특별시 강남구청,02-3423-5973,2020-06-30
서울특별시,강남구,개포로,개포동 그린공원,도로변(횡단보도 포함), 재활용쓰레기,서울특별시 강남구청,02-3423-5973,2020-06-30
서울특별시,강남구,개포로,개포동 1239-19,"정류소(버스, 택시 등)", 일반쓰레기,서울특별시 강남구청,02-3423-5973,2020-06-30
서울특별시,강남구,개포로,개포동 1239-19,"정류소(버스, 택시 등)", 재활용쓰레기,서울특별시 강남구청,02-3423-5973,2020-06-30
서울특별시,강남구,개포로,개포동 1246-2,도로변(횡단보도 포함), 일반쓰레기,서울특별시 강남구청,02-3423-5973,2020-06-30
서울특별시,강남구,개포로,개포동 1246-2,도로변(횡단보도 포함), 재활용쓰레기,서울특별시 강남구청,02-3423-5973,2020-06-30
서울특별시,강남구,영동대로,개포동 대모산역 2번출구,"정류소(버스, 택시 등)", 일반쓰레기,서울특별시 강남구청,02-3423-5973,2020-06-30
서울특별시,강남구,영동대로,개포동 대모산역 2번출구,"정류소(버스, 택시 등)", 재활용쓰레기,서울특별시 강남구청,02-3423-5973,2020-06-30
서울특별시,강남구,영동대로,개포동 대모산역 7번출구,도로변(횡단보도 포함), 일반쓰레기,서울특별시 강남구청,02-3423-5973,2020-06-30
서울특별시,강남구,영동대로,개포동 대모산역 7번출구,도로변(횡단보도 포함), 재활용쓰레기,서울특별시 강남구청,02-3423-5973,2020-06-30
서울특별시,강남구,영동대로,개포동 주공7단지,"정류소(버스, 택시 등)", 일반쓰레기,서울특별시 강남구청,02-3423-5973,2020-06-30
서울특별시,강남구,영동대로,개포동 주공7단지,"정류소(버스, 택시 등)", 재활용쓰레기,서울특별시 강남구청,02-3423-5973,2020-06-30
서울특별시,강남구,영동대로,일원동 주공9단지,"정류소(버스, 택시 등)", 일반쓰레기,서울특별시 강남구청,02-3423-5973,2020-06-30
서울특별시,강남구,영동대로,일원동 주공9단지,"정류소(버스, 택시 등)", 재활용쓰레기,서울특별시 강남구청,02-3423-5973,2020-06-30
서울특별시,강남구,영동대로,일원동 613,도로변(횡단보도 포함), 일반쓰레기,서울특별시 강남구청,02-3423-5973,2020-06-30
서울특별시,강남구,영동대로,일원동 613,도로변(횡단보도 포함), 재활용쓰레기,서울특별시 강남구청,02-3423-5973,2020-06-30
서울특별시,강남구,영동대로,일원동 대모산역,도로변(횡단보도 포함), 일반쓰레기,서울특별시 강남구청,02-3423-5973,2020-06-30
서울특별시,강남구,영동대로,일원동 대모산역,도로변(횡단보도 포함), 재활용쓰레기,서울특별시 강남구청,02-3423-5973,2020-06-30
서울특별시,강남구,영동대로,일원동 대치아파트,"정류소(버스, 택시 등)", 일반쓰레기,서울특별시 강남구청,02-3423-5973,2020-06-30
서울특별시,강남구,영동대로,일원동 대치아파트,"정류소(버스, 택시 등)", 재활용쓰레기,서울특별시 강남구청,02-3423-5973,2020-06-30
서울특별시,강남구,삼성로,대치동 선경아파트,"정류소(버스, 택시 등)", 일반쓰레기,서울특별시 강남구청,02-3423-5973,2020-06-30
서울특별시,강남구,삼성로,대치동 선경아파트,"정류소(버스, 택시 등)", 재활용쓰레기,서울특별시 강남구청,02-3423-5973,2020-06-30
서울특별시,강남구,삼성로,개포동 개포동역 7번출구,"정류소(버스, 택시 등)", 일반쓰레기,서울특별시 강남구청,02-3423-5973,2020-06-30
서울특별시,강남구,삼성로,개포동 개포동역 7번출구,"정류소(버스, 택시 등)", 재활용쓰레기,서울특별시 강남구청,02-3423-5973,2020-06-30
서울특별시,강남구,삼성로,개포동 152,"정류소(버스, 택시 등)", 일반쓰레기,서울특별시 강남구청,02-3423-5973,2020-06-30
서울특별시,강남구,삼성로,개포동 152,"정류소(버스, 택시 등)", 재활용쓰레기,서울특별시 강남구청,02-3423-5973,2020-06-30
서울특별시,강남구,삼성로,개포동 개포3단지,"정류소(버스, 택시 등)", 일반쓰레기,서울특별시 강남구청,02-3423-5973,2020-06-30
서울특별시,강남구,삼성로,개포동 개포3단지,"정류소(버스, 택시 등)", 재활용쓰레기,서울특별시 강남구청,02-3423-5973,2020-06-30
서울특별시,강남구,삼성로,개포동 주공4단지,"정류소(버스, 택시 등)", 일반쓰레기,서울특별시 강남구청,02-3423-5973,2020-06-30
서울특별시,강남구,삼성로,개포동 주공4단지,"정류소(버스, 택시 등)", 재활용쓰레기,서울특별시 강남구청,02-3423-5973,2020-06-30
서울특별시,강남구,삼성로,개포동 주공5단지,"정류소(버스, 택시 등)", 일반쓰레기,서울특별시 강남구청,02-3423-5973,2020-06-30
서울특별시,강남구,삼성로,개포동 주공5단지,"정류소(버스, 택시 등)", 재활용쓰레기,서울특별시 강남구청,02-3423-5973,2020-06-30
서울특별시,강남구,삼성로,개포동 186-2,도로변(횡단보도 포함), 일반쓰레기,서울특별시 강남구청,02-3423-5973,2020-06-30
서울특별시,강남구,삼성로,개포동 186-2,도로변(횡단보도 포함), 재활용쓰레기,서울특별시 강남구청,02-3423-5973,2020-06-30
서울특별시,강남구,삼성로,대치동 미도아파트,"정류소(버스, 택시 등)", 일반쓰레기,서울특별시 강남구청,02-3423-5973,2020-06-30
서울특별시,강남구,삼성로,대치동 미도아파트,"정류소(버스, 택시 등)", 재활용쓰레기,서울특별시 강남구청,02-3423-5973,2020-06-30
서울특별시,강남구,삼성로,선경아파트 5동앞,도로변(횡단보도 포함), 일반쓰레기,서울특별시 강남구청,02-3423-5973,2020-06-30
서울특별시,강남구,삼성로,선경아파트 5동앞,도로변(횡단보도 포함), 재활용쓰레기,서울특별시 강남구청,02-3423-5973,2020-06-30
서울특별시,강남구,선릉로,도곡동 타워팰리스 F동 앞,"정류소(버스, 택시 등)", 일반쓰레기,서울특별시 강남구청,02-3423-5973,2020-06-30
서울특별시,강남구,선릉로,도곡동 타워팰리스 F동 앞,"정류소(버스, 택시 등)", 재활용쓰레기,서울특별시 강남구청,02-3423-5973,2020-06-30
서울특별시,강남구,선릉로,개포동 650 구룡중학교 앞,"정류소(버스, 택시 등)", 일반쓰레기,서울특별시 강남구청,02-3423-5973,2020-06-30
서울특별시,강남구,선릉로,개포동 650 구룡중학교 앞,"정류소(버스, 택시 등)", 재활용쓰레기,서울특별시 강남구청,02-3423-5973,2020-06-30
서울특별시,강남구,선릉로,개포동 주공1단지(3동 앞),"정류소(버스, 택시 등)", 일반쓰레기,서울특별시 강남구청,02-3423-5973,2020-06-30
서울특별시,강남구,선릉로,개포동 주공1단지(3동 앞),"정류소(버스, 택시 등)", 재활용쓰레기,서울특별시 강남구청,02-3423-5973,2020-06-30
서울특별시,강남구,선릉로,개포동 주공1단지(17동 앞),"정류소(버스, 택시 등)", 일반쓰레기,서울특별시 강남구청,02-3423-5973,2020-06-30
서울특별시,강남구,선릉로,개포동 주공1단지(17동 앞),"정류소(버스, 택시 등)", 재활용쓰레기,서울특별시 강남구청,02-3423-5973,2020-06-30
서울특별시,강남구,선릉로,개포동 래미안블레스티지 223동 앞,"정류소(버스, 택시 등)", 일반쓰레기,서울특별시 강남구청,02-3423-5973,2020-06-30
서울특별시,강남구,선릉로,개포동 래미안블레스티지 223동 앞,"정류소(버스, 택시 등)", 재활용쓰레기,서울특별시 강남구청,02-3423-5973,2020-06-30
서울특별시,강남구,선릉로,개포동 개포연금매장 앞,"정류소(버스, 택시 등)", 일반쓰레기,서울특별시 강남구청,02-3423-5973,2020-06-30
서울특별시,강남구,선릉로,개포동 개포연금매장 앞,"정류소(버스, 택시 등)", 재활용쓰레기,서울특별시 강남구청,02-3423-5973,2020-06-30
서울특별시,강남구,선릉로,개포동 주공1단지 123동앞,"정류소(버스, 택시 등)", 일반쓰레기,서울특별시 강남구청,02-3423-5973,2020-06-30
서울특별시,강남구,선릉로,개포동 주공1단지 123동앞,"정류소(버스, 택시 등)", 재활용쓰레기,서울특별시 강남구청,02-3423-5973,2020-06-30
서울특별시,강남구,언주로,개포동 개포래미안포레스트 106동 앞,"정류소(버스, 택시 등)", 일반쓰레기,서울특별시 강남구청,02-3423-5973,2020-06-30
서울특별시,강남구,언주로,개포동 개포래미안포레스트 106동 앞,"정류소(버스, 택시 등)", 재활용쓰레기,서울특별시 강남구청,02-3423-5973,2020-06-30
서울특별시,강남구,언주로,개포동 주공1단지 55동 앞,"정류소(버스, 택시 등)", 일반쓰레기,서울특별시 강남구청,02-3423-5973,2020-06-30
서울특별시,강남구,언주로,개포동 주공1단지 55동 앞,"정류소(버스, 택시 등)", 재활용쓰레기,서울특별시 강남구청,02-3423-5973,2020-06-30
서울특별시,강남구,언주로,개포동 개포1단지(82동 앞),"정류소(버스, 택시 등)", 일반쓰레기,서울특별시 강남구청,02-3423-5973,2020-06-30
서울특별시,강남구,언주로,개포동 개포1단지(82동 앞),"정류소(버스, 택시 등)", 재활용쓰레기,서울특별시 강남구청,02-3423-5973,2020-06-30
서울특별시,강남구,언주로,개포동 경남아파트 상가 앞,"정류소(버스, 택시 등)", 일반쓰레기,서울특별시 강남구청,02-3423-5973,2020-06-30
서울특별시,강남구,언주로,개포동 경남아파트 상가 앞,"정류소(버스, 택시 등)", 재활용쓰레기,서울특별시 강남구청,02-3423-5973,2020-06-30
서울특별시,강남구,언주로,도곡동 467-18,"정류소(버스, 택시 등)", 일반쓰레기,서울특별시 강남구청,02-3423-5973,2020-06-30
서울특별시,강남구,언주로,도곡동 467-18,"정류소(버스, 택시 등)", 재활용쓰레기,서울특별시 강남구청,02-3423-5973,2020-06-30
서울특별시,강남구,논현로,개포동 1194-6,"정류소(버스, 택시 등)", 일반쓰레기,서울특별시 강남구청,02-3423-5973,2020-06-30
서울특별시,강남구,논현로,개포동 1194-6,"정류소(버스, 택시 등)", 재활용쓰레기,서울특별시 강남구청,02-3423-5973,2020-06-30
서울특별시,강남구,논현로,개포동 1229-4,"정류소(버스, 택시 등)", 일반쓰레기,서울특별시 강남구청,02-3423-5973,2020-06-30
서울특별시,강남구,논현로,개포동 1229-4,"정류소(버스, 택시 등)", 재활용쓰레기,서울특별시 강남구청,02-3423-5973,2020-06-30
서울특별시,강남구,벚꽃길,도곡동 518-10,도로변(횡단보도 포함), 일반쓰레기,서울특별시 강남구청,02-3423-5973,2020-06-30
서울특별시,강남구,벚꽃길,도곡동 518-10,도로변(횡단보도 포함), 재활용쓰레기,서울특별시 강남구청,02-3423-5973,2020-06-30
서울특별시,강남구,매봉길,도곡동 459-4,도로변(횡단보도 포함), 일반쓰레기,서울특별시 강남구청,02-3423-5973,2020-06-30
서울특별시,강남구,매봉길,도곡동 459-4,도로변(횡단보도 포함), 재활용쓰레기,서울특별시 강남구청,02-3423-5973,2020-06-30
서울특별시,강남구,일원동길,일원본동 일원역 6번 출구,"정류소(버스, 택시 등)", 일반쓰레기,서울특별시 강남구청,02-3423-5973,2020-06-30
서울특별시,강남구,일원동길,일원본동 일원역 6번 출구,"정류소(버스, 택시 등)", 재활용쓰레기,서울특별시 강남구청,02-3423-5973,2020-06-30
서울특별시,강남구,일원동길,일원동 현대아파트,"정류소(버스, 택시 등)", 일반쓰레기,서울특별시 강남구청,02-3423-5973,2020-06-30
서울특별시,강남구,일원동길,일원동 현대아파트,"정류소(버스, 택시 등)", 재활용쓰레기,서울특별시 강남구청,02-3423-5973,2020-06-30
서울특별시,강남구,일원동길,일원동 대청역,"정류소(버스, 택시 등)", 일반쓰레기,서울특별시 강남구청,02-3423-5973,2020-06-30
서울특별시,강남구,일원동길,일원동 대청역,"정류소(버스, 택시 등)", 재활용쓰레기,서울특별시 강남구청,02-3423-5973,2020-06-30
서울특별시,강남구,일원동길,일원역 1번출구,"정류소(버스, 택시 등)", 일반쓰레기,서울특별시 강남구청,02-3423-5973,2020-06-30
서울특별시,강남구,일원동길,일원역 1번출구,"정류소(버스, 택시 등)", 재활용쓰레기,서울특별시 강남구청,02-3423-5973,2020-06-30
서울특별시,강남구,일원동길,일원동 삼성의료원 정문,"정류소(버스, 택시 등)", 일반쓰레기,서울특별시 강남구청,02-3423-5973,2020-06-30
서울특별시,강남구,일원동길,일원동 삼성의료원 정문,"정류소(버스, 택시 등)", 재활용쓰레기,서울특별시 강남구청,02-3423-5973,2020-06-30
서울특별시,강남구,일원동길,일원동 617 영희초등학교,"정류소(버스, 택시 등)", 일반쓰레기,서울특별시 강남구청,02-3423-5973,2020-06-30
서울특별시,강남구,일원동길,일원동 617 영희초등학교,"정류소(버스, 택시 등)", 재활용쓰레기,서울특별시 강남구청,02-3423-5973,2020-06-30
서울특별시,강남구,일원동길,대청역 4번출구 중동고교,"정류소(버스, 택시 등)", 일반쓰레기,서울특별시 강남구청,02-3423-5973,2020-06-30
서울특별시,강남구,일원동길,대청역 4번출구 중동고교,"정류소(버스, 택시 등)", 재활용쓰레기,서울특별시 강남구청,02-3423-5973,2020-06-30
서울특별시,강남구,광평로,수서역 1번출구 엘리베이터 앞,"정류소(버스, 택시 등)", 일반쓰레기,서울특별시 강남구청,02-3423-5973,2020-06-30
서울특별시,강남구,광평로,수서역 1번출구 엘리베이터 앞,"정류소(버스, 택시 등)", 재활용쓰레기,서울특별시 강남구청,02-3423-5973,2020-06-30
서울특별시,강남구,광평로,수서동 북주차장,도로변(횡단보도 포함), 일반쓰레기,서울특별시 강남구청,02-3423-5973,2020-06-30
서울특별시,강남구,광평로,수서동 북주차장,도로변(횡단보도 포함), 재활용쓰레기,서울특별시 강남구청,02-3423-5973,2020-06-30
서울특별시,강남구,광평로,수서동 수서동익아파트,"정류소(버스, 택시 등)", 일반쓰레기,서울특별시 강남구청,02-3423-5973,2020-06-30
서울특별시,강남구,광평로,수서동 수서동익아파트,"정류소(버스, 택시 등)", 재활용쓰레기,서울특별시 강남구청,02-3423-5973,2020-06-30
서울특별시,강남구,광평로,일원본동 일원역 3번출구,"정류소(버스, 택시 등)", 일반쓰레기,서울특별시 강남구청,02-3423-5973,2020-06-30
서울특별시,강남구,광평로,일원본동 일원역 3번출구,"정류소(버스, 택시 등)", 재활용쓰레기,서울특별시 강남구청,02-3423-5973,2020-06-30
서울특별시,강남구,광평로,일원본동 푸른마을아파트,"정류소(버스, 택시 등)", 일반쓰레기,서울특별시 강남구청,02-3423-5973,2020-06-30
서울특별시,강남구,광평로,일원본동 푸른마을아파트,"정류소(버스, 택시 등)", 재활용쓰레기,서울특별시 강남구청,02-3423-5973,2020-06-30
서울특별시,강남구,광평로,일원본동 731,"정류소(버스, 택시 등)", 일반쓰레기,서울특별시 강남구청,02-3423-5973,2020-06-30
서울특별시,강남구,광평로,일원본동 731,"정류소(버스, 택시 등)", 재활용쓰레기,서울특별시 강남구청,02-3423-5973,2020-06-30
서울특별시,강남구,광평로,일원본동 일원역 5번출구,"정류소(버스, 택시 등)", 일반쓰레기,서울특별시 강남구청,02-3423-5973,2020-06-30
서울특별시,강남구,광평로,일원본동 일원역 5번출구,"정류소(버스, 택시 등)", 재활용쓰레기,서울특별시 강남구청,02-3423-5973,2020-06-30
서울특별시,강남구,광평로,수서동 724,"정류소(버스, 택시 등)", 일반쓰레기,서울특별시 강남구청,02-3423-5973,2020-06-30
서울특별시,강남구,광평로,수서동 724,"정류소(버스, 택시 등)", 재활용쓰레기,서울특별시 강남구청,02-3423-5973,2020-06-30
서울특별시,강남구,밤고개길,수서동 수서역,"정류소(버스, 택시 등)", 일반쓰레기,서울특별시 강남구청,02-3423-5973,2020-06-30
서울특별시,강남구,밤고개길,수서동 수서역,"정류소(버스, 택시 등)", 재활용쓰레기,서울특별시 강남구청,02-3423-5973,2020-06-30
서울특별시,강남구,밤고개길,세곡동 주민센터,"정류소(버스, 택시 등)", 일반쓰레기,서울특별시 강남구청,02-3423-5973,2020-06-30
서울특별시,강남구,밤고개길,세곡동 주민센터,"정류소(버스, 택시 등)", 재활용쓰레기,서울특별시 강남구청,02-3423-5973,2020-06-30
서울특별시,강남구,밤고개길,세곡동사거리,"정류소(버스, 택시 등)", 일반쓰레기,서울특별시 강남구청,02-3423-5973,2020-06-30
서울특별시,강남구,밤고개길,세곡동사거리,"정류소(버스, 택시 등)", 재활용쓰레기,서울특별시 강남구청,02-3423-5973,2020-06-30
서울특별시,강남구,밤고개길(헌릉로),세곡동 리엔파크 앞,도로변(횡단보도 포함), 일반쓰레기,서울특별시 강남구청,02-3423-5973,2020-06-30
서울특별시,강남구,밤고개길(헌릉로),세곡동 리엔파크 앞,도로변(횡단보도 포함), 재활용쓰레기,서울특별시 강남구청,02-3423-5973,2020-06-30
서울특별시,강남구,밤고개길(헌릉로),세곡동 대왕초교 앞,도로변(횡단보도 포함), 일반쓰레기,서울특별시 강남구청,02-3423-5973,2020-06-30
서울특별시,강남구,밤고개길(헌릉로),세곡동 대왕초교 앞,도로변(횡단보도 포함), 재활용쓰레기,서울특별시 강남구청,02-3423-5973,2020-06-30
서울특별시,강남구,밤고개길(헌릉로),세곡동사거리(해병초소 앞),"정류소(버스, 택시 등)", 일반쓰레기,서울특별시 강남구청,02-3423-5973,2020-06-30
서울특별시,강남구,밤고개길(헌릉로),세곡동사거리(해병초소 앞),"정류소(버스, 택시 등)", 재활용쓰레기,서울특별시 강남구청,02-3423-5973,2020-06-30
서울특별시,강남구,밤고개길,수서역 5번출구,"정류소(버스, 택시 등)", 일반쓰레기,서울특별시 강남구청,02-3423-5973,2020-06-30
서울특별시,강남구,밤고개길,수서역 5번출구,"정류소(버스, 택시 등)", 재활용쓰레기,서울특별시 강남구청,02-3423-5973,2020-06-30
서울특별시,강남구,밤고개길,수서동 삼익아파트 401동 앞,"정류소(버스, 택시 등)", 일반쓰레기,서울특별시 강남구청,02-3423-5973,2020-06-30
서울특별시,강남구,밤고개길,수서동 삼익아파트 401동 앞,"정류소(버스, 택시 등)", 재활용쓰레기,서울특별시 강남구청,02-3423-5973,2020-06-30
서울특별시,강남구,개원길,개포6단지,"정류소(버스, 택시 등)", 일반쓰레기,서울특별시 강남구청,02-3423-5973,2020-06-30
서울특별시,강남구,개원길,개포6단지,"정류소(버스, 택시 등)", 재활용쓰레기,서울특별시 강남구청,02-3423-5973,2020-06-30
서울특별시,강남구,개원길,개포시립도서관 앞,"정류소(버스, 택시 등)", 일반쓰레기,서울특별시 강남구청,02-3423-5973,2020-06-30
서울특별시,강남구,개원길,개포시립도서관 앞,"정류소(버스, 택시 등)", 재활용쓰레기,서울특별시 강남구청,02-3423-5973,2020-06-30
서울특별시,강남구,포이길,개포동 개포래미안포레스트 122동 앞,"정류소(버스, 택시 등)", 일반쓰레기,서울특별시 강남구청,02-3423-5973,2020-06-30
서울특별시,강남구,포이길,개포동 개포래미안포레스트 122동 앞,"정류소(버스, 택시 등)", 재활용쓰레기,서울특별시 강남구청,02-3423-5973,2020-06-30
서울특별시,강남구,포이길,개포동 273 포이초등학교 앞,"정류소(버스, 택시 등)", 일반쓰레기,서울특별시 강남구청,02-3423-5973,2020-06-30
서울특별시,강남구,포이길,개포동 273 포이초등학교 앞,"정류소(버스, 택시 등)", 재활용쓰레기,서울특별시 강남구청,02-3423-5973,2020-06-30
서울특별시,강남구,포이길,개포동 272 국악고등학교 앞,"정류소(버스, 택시 등)", 일반쓰레기,서울특별시 강남구청,02-3423-5973,2020-06-30
서울특별시,강남구,포이길,개포동 272 국악고등학교 앞,"정류소(버스, 택시 등)", 재활용쓰레기,서울특별시 강남구청,02-3423-5973,2020-06-30
서울특별시,강남구,포이길,개포동 1218-21,"정류소(버스, 택시 등)", 일반쓰레기,서울특별시 강남구청,02-3423-5973,2020-06-30
서울특별시,강남구,포이길,개포동 1218-21,"정류소(버스, 택시 등)", 재활용쓰레기,서울특별시 강남구청,02-3423-5973,2020-06-30
서울특별시,강남구,자곡로,LH푸르지오 201동 정류장,"정류소(버스, 택시 등)", 일반쓰레기,서울특별시 강남구청,02-3423-5973,2020-06-30
서울특별시,강남구,자곡로,LH푸르지오 201동 정류장,"정류소(버스, 택시 등)", 재활용쓰레기,서울특별시 강남구청,02-3423-5973,2020-06-30
서울특별시,강남구,자곡로,LH푸르지오 201동 건너편 정류장,"정류소(버스, 택시 등)", 일반쓰레기,서울특별시 강남구청,02-3423-5973,2020-06-30
서울특별시,강남구,자곡로,LH푸르지오 201동 건너편 정류장,"정류소(버스, 택시 등)", 재활용쓰레기,서울특별시 강남구청,02-3423-5973,2020-06-30
서울특별시,강남구,자곡로,세곡중학교 314주변 정류장,"정류소(버스, 택시 등)", 일반쓰레기,서울특별시 강남구청,02-3423-5973,2020-06-30
서울특별시,강남구,자곡로,세곡중학교 314주변 정류장,"정류소(버스, 택시 등)", 재활용쓰레기,서울특별시 강남구청,02-3423-5973,2020-06-30
서울특별시,강남구,자곡로,세곡중학교건너편 공원앞 정류장,"정류소(버스, 택시 등)", 일반쓰레기,서울특별시 강남구청,02-3423-5973,2020-06-30
서울특별시,강남구,자곡로,세곡중학교건너편 공원앞 정류장,"정류소(버스, 택시 등)", 재활용쓰레기,서울특별시 강남구청,02-3423-5973,2020-06-30
서울특별시,강남구,자곡로,LH강남힐즈테이트 505동옆,"광장, 공원 등 다중집합장소", 일반쓰레기,서울특별시 강남구청,02-3423-5973,2020-06-30
서울특별시,강남구,자곡로,LH강남힐즈테이트 505동옆,"광장, 공원 등 다중집합장소", 재활용쓰레기,서울특별시 강남구청,02-3423-5973,2020-06-30
서울특별시,강남구,자곡로,래미안강남힐즈,"정류소(버스, 택시 등)", 일반쓰레기,서울특별시 강남구청,02-3423-5973,2020-06-30
서울특별시,강남구,자곡로,래미안강남힐즈,"정류소(버스, 택시 등)", 재활용쓰레기,서울특별시 강남구청,02-3423-5973,2020-06-30
서울특별시,강남구,자곡로,못골마을,"정류소(버스, 택시 등)", 일반쓰레기,서울특별시 강남구청,02-3423-5973,2020-06-30
서울특별시,강남구,자곡로,못골마을,"정류소(버스, 택시 등)", 재활용쓰레기,서울특별시 강남구청,02-3423-5973,2020-06-30
서울특별시,강남구,자곡로,한양수자원아파트 건너편 23-393,"정류소(버스, 택시 등)", 일반쓰레기,서울특별시 강남구청,02-3423-5973,2020-06-30
서울특별시,강남구,자곡로,한양수자원아파트 건너편 23-393,"정류소(버스, 택시 등)", 재활용쓰레기,서울특별시 강남구청,02-3423-5973,2020-06-30
서울특별시,강남구,자곡로,한양수자원아파트 ,"정류소(버스, 택시 등)", 일반쓰레기,서울특별시 강남구청,02-3423-5973,2020-06-30
서울특별시,강남구,자곡로,한양수자원아파트 ,"정류소(버스, 택시 등)", 재활용쓰레기,서울특별시 강남구청,02-3423-5973,2020-06-30
서울특별시,강남구,밤고개길,대왕파출소 앞,"정류소(버스, 택시 등)", 일반쓰레기,서울특별시 강남구청,02-3423-5973,2020-06-30
서울특별시,강남구,밤고개길,대왕파출소 앞,"정류소(버스, 택시 등)", 재활용쓰레기,서울특별시 강남구청,02-3423-5973,2020-06-30
서울특별시,강남구,밤고개길,수서역 SRT 안쪽,"광장, 공원 등 다중집합장소", 일반쓰레기,서울특별시 강남구청,02-3423-5973,2020-06-30
서울특별시,강남구,밤고개길,수서역 SRT 안쪽,"광장, 공원 등 다중집합장소", 재활용쓰레기,서울특별시 강남구청,02-3423-5973,2020-06-30
서울특별시,강남구,헌릉로길,세곡동 은곡마을 상업지구,"정류소(버스, 택시 등)", 일반쓰레기,서울특별시 강남구청,02-3423-5973,2020-06-30
서울특별시,강남구,헌릉로길,세곡동 은곡마을 상업지구,"정류소(버스, 택시 등)", 재활용쓰레기,서울특별시 강남구청,02-3423-5973,2020-06-30
서울특별시,강남구,양재대로,삼성병원 견너편,"정류소(버스, 택시 등)", 일반쓰레기,서울특별시 강남구청,02-3423-5973,2020-06-30
서울특별시,강남구,양재대로,삼성병원 견너편,"정류소(버스, 택시 등)", 재활용쓰레기,서울특별시 강남구청,02-3423-5973,2020-06-30
